Date,Close,Actual,Future_Return,Prediction,HOLD_Probability,BUY_Probability,SELL_Probability,Regime,Position,Market_Return,Strategy_Return,Trade,Transaction_Cost,Strategy_Return_After_Cost,Strategy_Equity,Buy_Hold_Equity
2024-06-10,23259.19921875,0,0.0002429314342191,0,0.44157782,0.38841704,0.1700051,0,0.0,0.0002429314342191,0.0,0.0,0.0,0.0,100000.0,100024.29314342192
2024-06-11,23264.849609375,0,0.0024973129141392,0,0.63740575,0.14463021,0.21796398,0,0.0,0.0024973129141392,0.0,0.0,0.0,0.0,100000.0,100274.08510241665
2024-06-12,23322.94921875,0,0.003256499474515,0,0.798244,0.096402004,0.10535397,0,0.0,0.003256499474515,0.0,0.0,0.0,0.0,100000.0,100600.62760786012
2024-06-13,23398.900390625,0,0.0028505279152657,0,0.89637125,0.055134043,0.0484947,0,0.0,0.0028505279152657,0.0,0.0,0.0,0.0,100000.0,100887.39250514958
2024-06-14,23465.599609375,0,0.0039334507869606,0,0.84005547,0.08913178,0.07081282,0,0.0,0.0039334507869606,0.0,0.0,0.0,0.0,100000.0,101284.22809859336
2024-06-18,23557.900390625,0,-0.0017786131162043,0,0.8883541,0.03884627,0.07279961,0,0.0,-0.0017786131162043,-0.0,0.0,0.0,-0.0,100000.0,101104.08264203259
2024-06-19,23516.0,0,0.0021687361796223,0,0.77391,0.06298862,0.16310135,0,0.0,0.0021687361796223,0.0,0.0,0.0,0.0,100000.0,101323.3507239659
2024-06-20,23567.0,0,-0.0027962995130903,0,0.90254754,0.051113054,0.046339378,0,0.0,-0.0027962995130903,-0.0,0.0,0.0,-0.0,100000.0,101040.02028767178
2024-06-21,23501.099609375,0,0.001563756616109,0,0.62868625,0.13766219,0.23365156,0,0.0,0.001563756616109,0.0,0.0,0.0,0.0,100000.0,101198.02228788844
2024-06-24,23537.849609375,1,0.0077938798539154,0,0.9000452,0.0735007,0.026454052,0,0.0,0.0077938798539154,0.0,0.0,0.0,0.0,100000.0,101986.7475150541
2024-06-25,23721.30078125,1,0.0062180401218379,0,0.8843257,0.041606754,0.07406757,0,0.0,0.0062180401218379,0.0,0.0,0.0,0.0,100000.0,102620.90520299847
2024-06-26,23868.80078125,1,0.0073610408985447,0,0.87827206,0.08840044,0.033327483,2,0.0,0.0073610408985447,0.0,0.0,0.0,0.0,100000.0,103376.30188324343
2024-06-27,24044.5,0,-0.0014099020825968,0,0.6687947,0.2566545,0.07455087,1,0.0,-0.0014099020825968,-0.0,0.0,0.0,-0.0,100000.0,103230.55141992707
2024-06-28,24010.599609375,1,0.0054704843490753,0,0.6757641,0.2262851,0.097950876,1,0.0,0.0054704843490753,0.0,0.0,0.0,0.0,100000.0,103795.2725358162
2024-07-01,24141.94921875,1,0.0066358010458649,1,0.27158195,0.7078546,0.02056347,1,0.0,0.0066358010458649,0.0,0.0,0.0,0.0,100000.0,104484.03731386519
2024-07-05,24323.849609375,0,-0.0001356211363734,1,0.3839571,0.4064219,0.20962106,0,1.0,-0.0001356211363734,-0.0001356211363734,1.0,0.001,-0.0011356211363734,99886.43788636266,104469.8670699918
2024-07-08,24320.55078125,0,0.0046318209860134,0,0.40386292,0.37111017,0.22502685,0,1.0,0.0046318209860134,0.0046318209860134,0.0,0.0,0.0046318209860134,100349.09398558285,104953.75279269261
2024-07-09,24433.19921875,0,-0.0044509111977667,0,0.7002498,0.18530601,0.11444423,0,1.0,-0.0044509111977667,-0.0044509111977667,0.0,0.0,-0.0044509111977667,99902.44907947668,104486.61295913997
2024-07-10,24324.44921875,0,-0.0003494426502141,0,0.6031742,0.108782426,0.28804335,0,1.0,-0.0003494426502141,-0.0003494426502141,0.0,0.0,-0.0003494426502141,99867.53890290746,104450.10088019563
2024-07-11,24315.94921875,1,0.007657573644356,0,0.75383854,0.1438457,0.10231579,0,1.0,0.007657573644356,0.007657573644356,0.0,0.0,0.007657573644356,100632.28193673705,105249.93521984616
2024-07-12,24502.150390625,0,0.0034506697076412,0,0.7777327,0.1439086,0.07835873,0,1.0,0.0034506697076412,0.0034506697076412,0.0,0.0,0.0034506697076412,100979.53070362698,105613.11798304049
2024-07-15,24586.69921875,0,0.0010697158254551,0,0.7999867,0.13723916,0.06277407,0,1.0,0.0010697158254551,0.0010697158254551,0.0,0.0,0.0010697158254551,101087.55010566767,105726.09400672262
2024-07-16,24613.0,1,0.0076321297434283,0,0.74603117,0.18904178,0.06492708,0,1.0,0.0076321297434283,0.0076321297434283,0.0,0.0,0.0076321297434283,101859.06340351945,106533.00927344782
2024-07-18,24800.849609375,2,-0.0108846762510892,0,0.77015215,0.16367029,0.06617757,0,1.0,-0.0108846762510892,-0.0108846762510892,0.0,0.0,-0.0108846762510892,100750.36047513297,105373.43195745206
2024-07-19,24530.900390625,0,-0.0008825762723847,0,0.5104938,0.24403815,0.245468,0,1.0,-0.0008825762723847,-0.0008825762723847,0.0,0.0,-0.0008825762723847,100661.4405975434,105280.43186666667
2024-07-22,24509.25,0,-0.0012321559717249,0,0.6839231,0.24302804,0.073048845,0,1.0,-0.0012321559717249,-0.0012321559717249,0.0,0.0,-0.0012321559717249,100537.41000238871,105150.70995383637
2024-07-23,24479.05078125,0,-0.0026778318259059,0,0.82183766,0.11028812,0.067874216,0,1.0,-0.0026778318259059,-0.0026778318259059,0.0,0.0,-0.0026778318259059,100268.18772619017,104869.13403620539
2024-07-24,24413.5,0,-0.0003031269840456,0,0.7517176,0.15138431,0.09689808,0,1.0,-0.0003031269840456,-0.0003031269840456,0.0,0.0,-0.0003031269840456,100237.79373284902,104837.34537188553
2024-07-25,24406.099609375,1,0.0175673297602745,0,0.85026956,0.086353496,0.06337699,0,1.0,0.0175673297602745,0.0175673297602745,0.0,0.0,0.0175673297602745,101998.70410979637,106679.05758922525
2024-07-26,24834.849609375,0,5.03324972633834e-05,1,0.4002496,0.48742342,0.11232699,0,1.0,5.03324972633834e-05,5.03324972633834e-05,0.0,0.0,5.03324972633834e-05,102003.83795929185,106684.42701259941
2024-07-29,24836.099609375,0,0.0008536433743,0,0.54282105,0.33170635,0.12547264,2,1.0,0.0008536433743,0.0008536433743,0.0,0.0,0.0008536433743,102090.91285971897,106775.49746685973
2024-07-30,24857.30078125,0,0.0037755350108565,0,0.7765414,0.13167563,0.09178295,1,1.0,0.0037755350108565,0.0037755350108565,0.0,0.0,0.0037755350108565,102476.36067551114,107178.63209584748
2024-07-31,24951.150390625,0,0.0023946791656728,0,0.8369347,0.09750999,0.065555386,1,1.0,0.0023946791656728,0.0023946791656728,0.0,0.0,0.0023946791656728,102721.75868139474,107435.29053313272
2024-08-01,25010.900390625,2,-0.0117229354919546,0,0.8521353,0.092673965,0.0551908,1,1.0,-0.0117229354919546,-0.0117229354919546,0.0,0.0,-0.0117229354919546,101517.55813075263,106175.8335526534
2024-08-02,24717.69921875,2,-0.0267864578946228,0,0.61526215,0.21377908,0.17095873,1,1.0,-0.0267864578946228,-0.0267864578946228,0.0,0.0,-0.0267864578946228,98798.26233431831,103331.7590577688
2024-08-05,24055.599609375,0,-0.0026209626510589,1,0.11230839,0.82560456,0.062087063,2,1.0,-0.0026209626510589,-0.0026209626510589,0.0,0.0,-0.0026209626510589,98539.31577875053,103060.93037661015
2024-08-06,23992.55078125,1,0.0127101624804444,1,0.32230628,0.5936478,0.08404593,2,1.0,0.0127101624804444,0.0127101624804444,0.0,0.0,0.0127101624804444,99791.76649301028,104370.85154708264
2024-08-07,24297.5,2,-0.007428747813561,1,0.2502197,0.47301847,0.27676183,2,1.0,-0.007428747813561,-0.007428747813561,0.0,0.0,-0.007428747813561,99050.43862586394,103595.50681185274
2024-08-08,24117.0,1,0.0103868640378157,1,0.40372187,0.46958598,0.12669213,2,1.0,0.0103868640378157,0.0103868640378157,0.0,0.0,0.0103868640378157,100079.26206475681,104671.53925603608
2024-08-09,24367.5,0,-0.0008412844977941,1,0.17070752,0.4993482,0.32994425,2,1.0,-0.0008412844977941,-0.0008412844977941,0.0,0.0,-0.0008412844977941,99995.06693303106,104583.48071269972
2024-08-12,24347.0,2,-0.0085431469996303,0,0.5274367,0.3818441,0.09071918,2,1.0,-0.0085431469996303,-0.0085431469996303,0.0,0.0,-0.0085431469996303,99140.79437698431,103690.00866323811
2024-08-13,24139.0,0,0.0001967769998756,0,0.36805257,0.34711918,0.28482822,2,1.0,0.0001967769998756,0.0001967769998756,0.0,0.0,0.0001967769998756,99160.3030050671,103710.41247205995
2024-08-14,24143.75,1,0.0164597624902924,0,0.41055945,0.3157957,0.27364483,2,1.0,0.0164597624902924,0.0164597624902924,0.0,0.0,0.0164597624902924,100792.45804099593,105417.46122912032
2024-08-16,24541.150390625,0,0.0012835584110202,2,0.29814878,0.2514537,0.45039758,2,1.0,0.0012835584110202,0.0012835584110202,0.0,0.0,0.0012835584110202,100921.83104828185,105552.77069814937
2024-08-19,24572.650390625,1,0.0051357593399101,0,0.42051148,0.38516453,0.19432396,2,0.0,0.0051357593399101,0.0,1.0,0.001,-0.001,100820.90921723357,106094.86432611578
2024-08-20,24698.849609375,0,0.0028887826964991,0,0.54801416,0.34625763,0.10572822,2,0.0,0.0028887826964991,0.0,0.0,0.0,0.0,100820.90921723357,106401.34933436848
2024-08-21,24770.19921875,0,0.0016673576536574,0,0.6002529,0.2386395,0.16110757,2,0.0,0.0016673576536574,0.0,0.0,0.0,0.0,100820.90921723357,106578.75843854064
2024-08-22,24811.5,0,0.0004695560778267,0,0.5068287,0.2971103,0.19606099,2,0.0,0.0004695560778267,0.0,0.0,0.0,0.0,100820.90921723357,106628.80314233268
2024-08-23,24823.150390625,1,0.007551387144671,0,0.5400988,0.31599215,0.14390904,2,0.0,0.007551387144671,0.0,0.0,0.0,0.0,100820.90921723357,107433.99851563336
2024-08-26,25010.599609375,0,0.000285894410237,0,0.5927476,0.118692644,0.2885597,2,0.0,0.000285894410237,0.0,0.0,0.0,0.0,100820.90921723357,107464.7132952784
2024-08-27,25017.75,0,0.0013830024432652,0,0.52664775,0.30095118,0.17240109,1,0.0,0.0013830024432652,0.0,0.0,0.0,0.0,100820.90921723357,107613.33725633057
2024-08-28,25052.349609375,0,0.0039756594063229,0,0.6884895,0.22479713,0.08671339,2,0.0,0.0039756594063229,0.0,0.0,0.0,0.0,100820.90921723357,108041.17123283952
2024-08-29,25151.94921875,0,0.0033377600735777,0,0.8497697,0.08487974,0.06535055,1,0.0,0.0033377600735777,0.0,0.0,0.0,0.0,100820.90921723357,108401.78674048306
2024-08-30,25235.900390625,0,0.0016959501132323,0,0.8964979,0.0636272,0.03987491,2,0.0,0.0016959501132323,0.0,0.0,0.0,0.0,100820.90921723357,108585.63076298017
2024-09-02,25278.69921875,0,4.550829989491412e-05,0,0.8122054,0.15044284,0.037351824,1,0.0,4.550829989491412e-05,0.0,0.0,0.0,0.0,100820.90921723357,108590.57231042921
2024-09-03,25279.849609375,0,-0.0032100820170585,0,0.7847566,0.08032026,0.13492312,2,0.0,-0.0032100820170585,-0.0,0.0,0.0,-0.0,100820.90921723357,108241.98766703342
2024-09-04,25198.69921875,0,-0.0021270784221717,0,0.5996309,0.039495233,0.36087388,1,0.0,-0.0021270784221717,-0.0,0.0,0.0,-0.0,100820.90921723357,108011.74847069388
2024-09-05,25145.099609375,2,-0.0116503502989019,0,0.8074775,0.08504513,0.10747738,2,0.0,-0.0116503502989019,-0.0,0.0,0.0,-0.0,100820.90921723357,106753.3737646134
2024-09-06,24852.150390625,0,0.0033900486950126,2,0.45635647,0.05597083,0.4876727,1,0.0,0.0033900486950126,0.0,0.0,0.0,0.0,100820.90921723357,107115.27290003233
2024-09-09,24936.400390625,0,0.0041986500501236,0,0.8251123,0.08607439,0.08881331,2,0.0,0.0041986500501236,0.0,0.0,0.0,0.0,100820.90921723357,107565.01244596306
2024-09-10,25041.099609375,0,-0.0048979634496194,0,0.8600266,0.040644582,0.09932886,1,0.0,-0.0048979634496194,-0.0,0.0,0.0,-0.0,100820.90921723357,107038.1629465449
2024-09-11,24918.44921875,1,0.0188796328272711,0,0.88375854,0.03342087,0.08282061,2,0.0,0.0188796328272711,0.0,0.0,0.0,0.0,100820.90921723357,109059.00416148127
2024-09-12,25388.900390625,0,-0.0012761636040355,0,0.901878,0.052020896,0.046101116,1,0.0,-0.0012761636040355,-0.0,0.0,0.0,-0.0,100820.90921723357,108919.82702967802
2024-09-13,25356.5,0,0.0010746751326089,0,0.81651247,0.10085232,0.082635276,2,0.0,0.0010746751326089,0.0,0.0,0.0,0.0,100820.90921723357,109036.88045923488
2024-09-16,25383.75,0,0.0013709866056039,0,0.7757466,0.133571,0.09068238,1,0.0,0.0013709866056039,0.0,0.0,0.0,0.0,100820.90921723357,109186.36856186132
2024-09-17,25418.55078125,0,-0.0016129951842196,0,0.77089745,0.058087874,0.17101464,2,0.0,-0.0016129951842196,-0.0,0.0,0.0,-0.0,100820.90921723357,109010.25147518862
2024-09-18,25377.55078125,0,0.0015072376499098,0,0.875697,0.062529735,0.0617733,1,0.0,0.0015072376499098,0.0,0.0,0.0,0.0,100820.90921723357,109174.55583043816
2024-09-19,25415.80078125,1,0.0147604413777415,0,0.8759609,0.054484785,0.06955431,2,0.0,0.0147604413777415,0.0,0.0,0.0,0.0,100820.90921723357,110786.0204617143
2024-09-20,25790.94921875,1,0.0057423850996662,0,0.83453274,0.14274144,0.022725778,1,0.0,0.0057423850996662,0.0,0.0,0.0,0.0,100820.90921723357,111422.19645486497
2024-09-23,25939.05078125,0,5.203002169906768e-05,0,0.8305986,0.14934559,0.020055776,2,0.0,5.203002169906768e-05,0.0,0.0,0.0,0.0,100820.90921723357,111427.99375416427
2024-09-24,25940.400390625,0,0.0024575565157058,0,0.5522441,0.38720986,0.06054596,1,0.0,0.0024575565157058,0.0,0.0,0.0,0.0,100820.90921723357,111701.83434624685
2024-09-25,26004.150390625,1,0.008148714241454,0,0.9166551,0.046424,0.03692084,1,0.0,0.008148714241454,0.0,0.0,0.0,0.0,100820.90921723357,112612.06067458064
2024-09-26,26216.05078125,0,-0.0014152231703233,0,0.7273478,0.24189958,0.030752629,1,0.0,-0.0014152231703233,-0.0,0.0,0.0,-0.0,100820.90921723357,112452.68947705613
2024-09-27,26178.94921875,2,-0.0140609008520233,0,0.85922056,0.09499088,0.045788627,1,0.0,-0.0140609008520233,-0.0,0.0,0.0,-0.0,100820.90921723357,110871.50335977589
2024-09-30,25810.849609375,0,-0.0005404401234794,0,0.63789916,0.19838598,0.16371484,2,0.0,-0.0005404401234794,-0.0,0.0,0.0,-0.0,100820.90921723357,110811.58395080979
2024-10-01,25796.900390625,2,-0.0211963752609873,0,0.66865546,0.22217463,0.1091699,2,0.0,-0.0211963752609873,-0.0,0.0,0.0,-0.0,100820.90921723357,108462.78003412404
2024-10-03,25250.099609375,2,-0.0093266958801446,1,0.34151548,0.44621414,0.21227033,2,0.0,-0.0093266958801446,-0.0,0.0,0.0,-0.0,100820.90921723357,107451.18067043075
2024-10-04,25014.599609375,2,-0.0087488751686026,2,0.3187958,0.30602625,0.3751779,2,1.0,-0.0087488751686026,-0.0087488751686026,1.0,0.001,-0.009748875168602601,99838.01875888974,106511.10370402619
2024-10-07,24795.75,1,0.0087676473034692,2,0.16574767,0.23651075,0.59774154,2,0.0,0.0087676473034692,0.0,1.0,0.001,-0.001,99738.18074013086,107444.95549520632
2024-10-08,25013.150390625,0,-0.0012473907279866,1,0.30721626,0.3943871,0.29839665,2,0.0,-0.0012473907279866,-0.0,0.0,0.0,-0.0,99738.18074013086,107310.92965395265
2024-10-09,24981.94921875,0,0.0006604768849507,2,0.1969127,0.30779642,0.49529088,2,1.0,0.0006604768849507,0.0006604768849507,1.0,0.001,-0.00033952311504930005,99704.31732231661,107381.80604249168
2024-10-10,24998.44921875,0,-0.0013680536120755,1,0.30355468,0.37982878,0.3166165,2,0.0,-0.0013680536120755,-0.0,1.0,0.001,-0.001,99604.6130049943,107234.90197486406
2024-10-11,24964.25,1,0.0065573457544287,0,0.5686411,0.27942878,0.15193011,2,1.0,0.0065573457544287,0.0065573457544287,1.0,0.001,0.0055573457544287,100158.15027819911,107938.07830405551
2024-10-14,25127.94921875,0,-0.0028096049048969,0,0.58250386,0.33570212,0.081793964,2,1.0,-0.0028096049048969,-0.0028096049048969,0.0,0.0,-0.0028096049048969,99876.7454479121,107634.8149498273
2024-10-15,25057.349609375,0,-0.0034340754096676,0,0.41080627,0.33945245,0.24974123,2,1.0,-0.0034340754096676,-0.0034340754096676,0.0,0.0,-0.0034340754096676,99533.7611723718,107265.18887858398
2024-10-16,24971.30078125,2,-0.0088682273228345,0,0.5598763,0.34006158,0.100062065,2,1.0,-0.0088682273228345,-0.0088682273228345,0.0,0.0,-0.0088682273228345,98651.07315199848,106313.93679978192
2024-10-17,24749.849609375,0,0.0042101739412401,1,0.419467,0.43973365,0.14079936,2,1.0,0.0042101739412401,0.0042101739412401,0.0,0.0,0.0042101739412401,99066.4113294584,106761.536966087
2024-10-18,24854.05078125,0,-0.0029351823779982,0,0.75532633,0.15175827,0.09291538,2,1.0,-0.0029351823779982,-0.0029351823779982,0.0,0.0,-0.0029351823779982,98775.63334467265,106448.17238413615
2024-10-21,24781.099609375,2,-0.0124691803378693,1,0.39082897,0.46841243,0.14075856,2,1.0,-0.0124691803378693,-0.0124691803378693,0.0,0.0,-0.0124691803378693,97543.98215951068,105120.85092604178
2024-10-22,24472.099609375,0,-0.0014955647434917,0,0.59414643,0.21317257,0.19268101,2,1.0,-0.0014955647434917,-0.0014955647434917,0.0,0.0,-0.0014955647434917,97398.09881885313,104963.63588759095
2024-10-23,24435.5,0,-0.0014773427748562,0,0.6941459,0.18159401,0.12426004,1,1.0,-0.0014773427748562,-0.0014773427748562,0.0,0.0,-0.0014773427748562,97254.20844127837,104808.56861848978
2024-10-24,24399.400390625,2,-0.0089592205494931,0,0.7707596,0.17765965,0.05158076,2,1.0,-0.0089592205494931,-0.0089592205494931,0.0,0.0,-0.0089592205494931,96382.8865384866,103869.56553676006
2024-10-25,24180.80078125,1,0.0065485676346082,0,0.4894024,0.19869083,0.31190675,1,1.0,0.0065485676346082,0.0065485676346082,0.0,0.0,0.0065485676346082,97014.05638980264,104549.7624118549
2024-10-28,24339.150390625,1,0.0052466588480091,0,0.43052384,0.24378829,0.3256879,2,1.0,0.0052466588480091,0.0052466588480091,0.0,0.0,0.0052466588480091,97523.05604714145,105098.29934787031
2024-10-29,24466.849609375,2,-0.0051498252538292,0,0.6485965,0.26596078,0.08544269,1,1.0,-0.0051498252538292,-0.0051498252538292,0.0,0.0,-0.0051498252538292,97020.82935027928,104557.06147175415
2024-10-30,24340.849609375,2,-0.005566773640794,1,0.3149111,0.37225896,0.3128299,2,1.0,-0.005566773640794,-0.005566773640794,0.0,0.0,-0.005566773640794,96480.73635484416,103975.0159779943
2024-10-31,24205.349609375,0,0.0040900049616161,2,0.31299964,0.27662498,0.4103754,1,1.0,0.0040900049616161,0.0040900049616161,0.0,0.0,0.0040900049616161,96875.34304523586,104400.27430922842
2024-11-01,24304.349609375,2,-0.0127137736646451,1,0.37525526,0.3779095,0.24683523,2,0.0,-0.0127137736646451,-0.0,1.0,0.001,-0.001,96778.46770219062,103072.95285113403
2024-11-04,23995.349609375,1,0.0090830588186072,1,0.27825242,0.50346106,0.2182865,1,1.0,0.0090830588186072,0.0090830588186072,1.0,0.001,0.0080830588186072,97560.7337490021,104009.17054448841
2024-11-05,24213.30078125,1,0.0111818707596305,1,0.3752997,0.413374,0.21132632,2,1.0,0.0111818707596305,0.0111818707596305,0.0,0.0,0.0111818707596305,98651.64526499817,105172.18764733325
2024-11-06,24484.05078125,2,-0.0116280257061476,1,0.30481926,0.56343406,0.13174666,1,1.0,-0.0116280257061476,-0.0116280257061476,0.0,0.0,-0.0116280257061476,97504.52139790301,103949.24274579827
2024-11-07,24199.349609375,0,-0.0021137093124677,0,0.4498355,0.3556806,0.19448385,2,1.0,-0.0021137093124677,-0.0021137093124677,0.0,0.0,-0.0021137093124677,97298.42518301656,103729.52426338251
2024-11-08,24148.19921875,0,-0.0002856708874028,0,0.58691514,0.25904438,0.15404049,1,1.0,-0.0002856708874028,-0.0002856708874028,0.0,0.0,-0.0002856708874028,97270.62985555163,103699.89175813632
2024-11-11,24141.30078125,2,-0.0106809307765333,1,0.391295,0.42383772,0.18486726,2,1.0,-0.0106809307765333,-0.0106809307765333,0.0,0.0,-0.0106809307765333,96231.68899147469,102592.28039273366
2024-11-12,23883.44921875,2,-0.0135825623229214,0,0.5955538,0.24868935,0.15575679,1,1.0,-0.0135825623229214,-0.0135825623229214,0.0,0.0,-0.0135825623229214,94924.61607830798,101198.81435044872
2024-11-13,23559.05078125,0,-0.0011185324376894,1,0.39272794,0.41480696,0.19246511,2,1.0,-0.0011185324376894,-0.0011185324376894,0.0,0.0,-0.0011185324376894,94818.43981608919,101085.62019394204
2024-11-14,23532.69921875,0,-0.0033527151631265,0,0.39248866,0.37414676,0.23336461,1,1.0,-0.0033527151631265,-0.0033527151631265,0.0,0.0,-0.0033527151631265,94500.54059517379,100746.70890234376
2024-11-18,23453.80078125,0,0.0027585814066317,0,0.6487976,0.20058727,0.15061519,2,1.0,0.0027585814066317,0.0027585814066317,0.0,0.0,0.0027585814066317,94761.22802937629,101024.62690030111
2024-11-19,23518.5,2,-0.0071688079331164,0,0.7483153,0.12023387,0.13145085,1,1.0,-0.0071688079331164,-0.0071688079331164,0.0,0.0,-0.0071688079331164,94081.90298612745,100300.40075353812
2024-11-21,23349.900390625,1,0.0238694641112378,1,0.4519609,0.46525478,0.08278438,2,1.0,0.0238694641112378,0.0238694641112378,0.0,0.0,0.0238694641112378,96327.58759297176,102694.51756966747
2024-11-22,23907.25,1,0.0131612958673623,0,0.5030131,0.2013005,0.2956864,2,1.0,0.0131612958673623,0.0131612958673623,0.0,0.0,0.0131612958673623,97595.38347347213,104046.1104993579
2024-11-25,24221.900390625,0,-0.0011312238174179,1,0.22884825,0.6891385,0.08201324,2,1.0,-0.0011312238174179,-0.0011312238174179,0.0,0.0,-0.0011312238174179,97484.9812512169,103928.41106105133
2024-11-26,24194.5,0,0.0033230854378061,1,0.23387876,0.6550722,0.11104899,2,1.0,0.0033230854378061,0.0033230854378061,0.0,0.0,0.0033230854378061,97808.93217281763,104273.77405042264
2024-11-27,24274.900390625,2,-0.0148610290544929,0,0.6123627,0.3137849,0.07385243,2,1.0,-0.0148610290544929,-0.0148610290544929,0.0,0.0,-0.0148610290544929,96355.39079000846,102724.15846463767
2024-11-28,23914.150390625,1,0.0090720019405352,1,0.38609105,0.47620472,0.13770421,2,1.0,0.0090720019405352,0.0090720019405352,0.0,0.0,0.0090720019405352,97229.52708223644,103656.07222956872
2024-11-29,24131.099609375,1,0.0060068200049485,1,0.28602627,0.6873634,0.026610382,2,1.0,0.0060068200049485,0.0060068200049485,0.0,0.0,0.0060068200049485,97813.56735058571,104278.71559787169
2024-12-02,24276.05078125,1,0.0074600111445999,1,0.256731,0.68525034,0.058018617,2,1.0,0.0074600111445999,0.0074600111445999,0.0,0.0,0.0074600111445999,98543.25765311415,105056.63597837638
2024-12-03,24457.150390625,0,0.0004210968146538,0,0.45142442,0.3835443,0.16503131,2,1.0,0.0004210968146538,0.0004210968146538,0.0,0.0,0.0004210968146538,98584.75390501748,105100.87499314513
2024-12-04,24467.44921875,1,0.0098478255628851,1,0.30201098,0.57716393,0.120825045,2,1.0,0.0098478255628851,0.0098478255628851,0.0,0.0,0.0098478255628851,99555.59936463405,106135.89007658421
2024-12-05,24708.400390625,0,-0.0012384293961259,1,0.3519942,0.5955313,0.052474566,2,1.0,-0.0012384293961259,-0.0012384293961259,0.0,0.0,-0.0012384293961259,99432.30678383194,106004.44827032938
2024-12-06,24677.80078125,0,-0.0023827399277279,1,0.2992288,0.64411765,0.056653623,2,1.0,-0.0023827399277279,-0.0023827399277279,0.0,0.0,-0.0023827399277279,99195.38545635203,105751.8672389189
2024-12-09,24619.0,0,-0.00036350862139,0,0.63012934,0.25087488,0.11899582,2,1.0,-0.00036350862139,-0.00036350862139,0.0,0.0,-0.00036350862139,99159.32707853655,105713.42552344946
2024-12-10,24610.05078125,0,0.0012901233029631,0,0.5396892,0.36507738,0.09523342,2,1.0,0.0012901233029631,0.0012901233029631,0.0,0.0,0.0012901233029631,99287.25483710671,105849.80887715334
2024-12-11,24641.80078125,0,-0.0037781963796591,0,0.51341194,0.38189074,0.10469733,2,1.0,-0.0037781963796591,-0.0037781963796591,0.0,0.0,-0.0037781963796591,98912.12809033487,105449.88751246607
2024-12-12,24548.69921875,1,0.0089455478085889,0,0.80006033,0.11601492,0.0839247,2,1.0,0.0089455478085889,0.0089455478085889,0.0,0.0,0.0089455478085889,99796.95126101622,106393.19452261915
2024-12-13,24768.30078125,0,-0.0040394689217332,0,0.814437,0.11979158,0.06577142,2,1.0,-0.0040394689217332,-0.0040394689217332,0.0,0.0,-0.0040394689217332,99393.82457791362,105963.42251986111
2024-12-16,24668.25,2,-0.0134687300477334,0,0.6054569,0.33764505,0.056898054,2,1.0,-0.0134687300477334,-0.0134687300477334,0.0,0.0,-0.0134687300477334,98055.11598626192,104536.22978700718
2024-12-17,24336.0,2,-0.0056356998120069,0,0.479204,0.39802736,0.12276865,2,1.0,-0.0056356998120069,-0.0056356998120069,0.0,0.0,-0.0056356998120069,97502.50678753183,103947.09497644866
2024-12-18,24198.849609375,2,-0.010213311567061,0,0.6331404,0.18880749,0.17805213,2,1.0,-0.010213311567061,-0.010213311567061,0.0,0.0,-0.010213311567061,96506.6833071413,102885.4509089633
2024-12-19,23951.69921875,2,-0.0152055691508056,0,0.46219957,0.1748514,0.36294898,2,1.0,-0.0152055691508056,-0.0152055691508056,0.0,0.0,-0.0152055691508056,95039.24426059966,101321.01907055524
2024-12-20,23587.5,1,0.0070354729729729,1,0.1724526,0.5258642,0.30168322,2,1.0,0.0070354729729729,0.0070354729729729,0.0,0.0,0.0070354729729729,95707.89029496688,102033.8603618202
2024-12-23,23753.44921875,0,-0.0010861087115143,2,0.33465374,0.31836724,0.34697905,2,1.0,-0.0010861087115143,-0.0010861087115143,0.0,0.0,-0.0010861087115143,95603.94112155687,101923.0404972118
2024-12-24,23727.650390625,0,0.0009503186263191,0,0.5590646,0.18196785,0.2589675,2,0.0,0.0009503186263191,0.0,1.0,0.001,-0.001,95508.33718043531,102019.89986104738
2024-12-26,23750.19921875,0,0.002661079652128,0,0.47566456,0.35085723,0.1734782,2,0.0,0.002661079652128,0.0,0.0,0.0,0.0,95508.33718043531,102291.38294067974
2024-12-27,23813.400390625,2,-0.0070758479358679,0,0.5427705,0.25338608,0.20384346,2,0.0,-0.0070758479358679,-0.0,0.0,0.0,-0.0,95508.33718043531,101567.58466984186
2024-12-30,23644.900390625,0,-4.212721278373799e-06,1,0.12733659,0.84874094,0.023922456,2,0.0,-4.212721278373799e-06,-0.0,0.0,0.0,-0.0,95508.33718043531,101567.15679391673
2024-12-31,23644.80078125,0,0.0041488871182535,0,0.4918245,0.24642067,0.26175484,2,1.0,0.0041488871182535,0.0041488871182535,1.0,0.001,0.0031488871182535003,95809.0821530686,101988.54746237665
2025-01-01,23742.900390625,1,0.0187740331916654,0,0.6020865,0.24085616,0.15705736,2,1.0,0.0187740331916654,0.0187740331916654,0.0,0.0,0.0187740331916654,97607.8050414733,103903.28383760505
2025-01-02,24188.650390625,2,-0.0076027553276091,0,0.556177,0.33356184,0.110261165,2,1.0,-0.0076027553276091,-0.0076027553276091,0.0,0.0,-0.0076027553276091,96865.71678167801,103113.33259285262
2025-01-03,24004.75,2,-0.0161925959966257,0,0.54542184,0.3090984,0.14547977,2,1.0,-0.0161925959966257,-0.0161925959966257,0.0,0.0,-0.0161925959966257,95297.20936390873,101443.66005631087
2025-01-06,23616.05078125,0,0.0038892874268343,0,0.43460116,0.39807597,0.16732287,2,1.0,0.0038892874268343,0.0038892874268343,0.0,0.0,0.0038892874268343,95667.84760210018,101838.20360789995
2025-01-07,23707.900390625,0,-0.0007993610384197,0,0.50972253,0.2858128,0.20446463,2,1.0,-0.0007993610384197,-0.0007993610384197,0.0,0.0,-0.0007993610384197,95591.37445209759,101756.79811571314
2025-01-08,23688.94921875,2,-0.0068575949591475,0,0.6106392,0.21460074,0.17476004,2,1.0,-0.0068575949591475,-0.0068575949591475,0.0,0.0,-0.0068575949591475,94935.84752451691,101058.99120989583
2025-01-09,23526.5,0,-0.0040379997024632,0,0.48164287,0.37379622,0.14456087,2,1.0,-0.0040379997024632,-0.0040379997024632,0.0,0.0,-0.0040379997024632,94552.49660045981,100650.91503345904
2025-01-10,23431.5,2,-0.0147472753024774,0,0.6045849,0.1792602,0.21615495,2,1.0,-0.0147472753024774,-0.0147472753024774,0.0,0.0,-0.0147472753024774,93158.10490255627,99166.58828001436
2025-01-13,23085.94921875,0,0.0039028744993869,2,0.33538032,0.29480526,0.36981446,2,1.0,0.0039028744993869,0.0039028744993869,0.0,0.0,0.0039028744993869,93521.68929459168,99553.62302860363
2025-01-14,23176.05078125,0,0.0016028803979861,0,0.56720185,0.17790598,0.25489214,2,0.0,0.0016028803979861,0.0,1.0,0.001,-0.001,93428.16760529707,99713.19557950468
2025-01-15,23213.19921875,0,0.0042476507253836,0,0.42796588,0.2456263,0.32640782,2,0.0,0.0042476507253836,0.0,0.0,0.0,0.0,93428.16760529707,100136.7424070383
2025-01-16,23311.80078125,0,-0.0046586517926727,0,0.565494,0.21806343,0.21644254,2,0.0,-0.0046586517926727,-0.0,0.0,0.0,-0.0,93428.16760529707,99670.24019251134
2025-01-17,23203.19921875,1,0.0061004855371675,0,0.55539507,0.26468778,0.17991716,2,0.0,0.0061004855371675,0.0,0.0,0.0,0.0,93428.16760529707,100278.27705129178
2025-01-20,23344.75,2,-0.0137118456772935,0,0.6405907,0.17711854,0.18229075,1,0.0,-0.0137118456772935,-0.0,0.0,0.0,-0.0,93428.16760529707,98903.27679157957
2025-01-21,23024.650390625,1,0.0056764909144164,0,0.46907008,0.23759376,0.29333615,2,0.0,0.0056764909144164,0.0,0.0,0.0,0.0,93428.16760529707,99464.700343693
2025-01-22,23155.349609375,0,0.0021593282262408,0,0.4145048,0.39207584,0.1934194,1,0.0,0.0021593282262408,0.0,0.0,0.0,0.0,93428.16760529707,99679.47727865972
2025-01-23,23205.349609375,0,-0.0048760476583936,0,0.44891515,0.3348917,0.21619312,2,0.0,-0.0048760476583936,-0.0,0.0,0.0,-0.0,93428.16760529707,99193.43539688522
2025-01-24,23092.19921875,2,-0.0113912419355629,0,0.4702377,0.38947818,0.14028414,1,0.0,-0.0113912419355629,-0.0,0.0,0.0,-0.0,93428.16760529707,98063.49897585968
2025-01-27,22829.150390625,1,0.0056112298172781,0,0.45163423,0.23327303,0.3150927,2,0.0,0.0056112298172781,0.0,0.0,0.0,0.0,93428.16760529707,98613.75580529965
2025-01-28,22957.25,1,0.0089666492883511,0,0.52075016,0.29843768,0.18081217,1,0.0,0.0089666492883511,0.0,0.0,0.0,0.0,93428.16760529707,99497.99076861287
2025-01-29,23163.099609375,0,0.0037300875997627,1,0.20474118,0.7568534,0.03840544,2,0.0,0.0037300875997627,0.0,0.0,0.0,0.0,93428.16760529707,99869.12699018019
2025-01-30,23249.5,1,0.0111357401503258,1,0.266836,0.59177727,0.14138675,1,1.0,0.0111357401503258,0.0111357401503258,1.0,0.001,0.010135740150325801,94375.13123486545,100981.24363738272
2025-01-31,23508.400390625,0,-0.0011166221250199,1,0.3530315,0.52807266,0.11889582,2,1.0,-0.0011166221250199,-0.0011166221250199,0.0,0.0,-0.0011166221250199,94269.74987527693,100868.48574652518
2025-02-01,23482.150390625,2,-0.0051570919766934,0,0.48596194,0.23445764,0.27958044,1,1.0,-0.0051570919766934,-0.0051570919766934,0.0,0.0,-0.0051570919766934,93783.59210455023,100348.29768798056
2025-02-03,23361.05078125,1,0.0161893068206311,1,0.30861852,0.38391253,0.30746892,2,1.0,0.0161893068206311,0.0161893068206311,0.0,0.0,0.0161893068206311,95301.88345187173,101972.86706817932
2025-02-04,23739.25,0,-0.0018092070621439,0,0.5425371,0.15650703,0.3009559,1,1.0,-0.0018092070621439,-0.0018092070621439,0.0,0.0,-0.0018092070621439,95129.46261129498,101788.3770369325
2025-02-05,23696.30078125,0,-0.0039226026346081,0,0.54231477,0.21660136,0.24108389,2,1.0,-0.0039226026346081,-0.0039226026346081,0.0,0.0,-0.0039226026346081,94756.30753062706,101389.10168099495
2025-02-06,23603.349609375,0,-0.0018387386257991,0,0.42090377,0.22917067,0.34992555,1,1.0,-0.0018387386257991,-0.0018387386257991,0.0,0.0,-0.0018387386257991,94582.0754479324,101202.67362349904
2025-02-07,23559.94921875,2,-0.0075700336923079,0,0.4216893,0.31130406,0.26700667,2,1.0,-0.0075700336923079,-0.0075700336923079,0.0,0.0,-0.0075700336923079,93866.08595010314,100436.5659744175
2025-02-10,23381.599609375,2,-0.0132496849360461,0,0.44398317,0.40173003,0.15428685,1,1.0,-0.0132496849360461,-0.0132496849360461,0.0,0.0,-0.0132496849360461,92622.38988508446,99105.81311919806
2025-02-11,23071.80078125,0,-0.0011507892904301,2,0.25582004,0.30831802,0.43586192,2,1.0,-0.0011507892904301,-0.0011507892904301,0.0,0.0,-0.0011507892904301,92515.80103075065,98991.76321084113
2025-02-12,23045.25,0,-0.0006009745771905,0,0.37824062,0.3283997,0.2933597,1,0.0,-0.0006009745771905,-0.0,1.0,0.001,-0.001,92423.28522971991,98932.27167780015
2025-02-13,23031.400390625,0,-0.0044352661537063,0,0.5013243,0.21250696,0.28616878,2,0.0,-0.0044352661537063,-0.0,0.0,0.0,-0.0,92423.28522971991,98493.48072171833
2025-02-14,22929.25,0,0.0013192755977626,1,0.31950164,0.3706838,0.30981463,0,0.0,0.0013192755977626,0.0,0.0,0.0,0.0,92423.28522971991,98623.4207673732
2025-02-17,22959.5,0,-0.0006184463402948,0,0.50919455,0.2702874,0.22051801,2,1.0,-0.0006184463402948,-0.0006184463402948,1.0,0.001,-0.0016184463402948,92273.70310198184,98562.42747373226
2025-02-18,22945.30078125,0,-0.0005404326900405,0,0.52856696,0.22208658,0.24934644,2,1.0,-0.0005404326900405,-0.0005404326900405,0.0,0.0,-0.0005404326900405,92223.83537639445,98509.16111591572
2025-02-19,22932.900390625,0,-0.0008612081186238,0,0.6968742,0.1683944,0.13473137,2,1.0,-0.0008612081186238,-0.0008612081186238,0.0,0.0,-0.0008612081186238,92144.41146063768,98424.32422660387
2025-02-20,22913.150390625,2,-0.0051171487988824,0,0.67496556,0.13292794,0.19210653,2,1.0,-0.0051171487988824,-0.0051171487988824,0.0,0.0,-0.0051171487988824,91672.89479620814,97920.6723141069
2025-02-21,22795.900390625,2,-0.0106401053300685,1,0.34724745,0.4261082,0.22664438,2,1.0,-0.0106401053300685,-0.0106401053300685,0.0,0.0,-0.0106401053300685,90697.48553966421,96878.78604669367
2025-02-24,22553.349609375,0,-0.0002571160481895,1,0.3442152,0.36124668,0.2945381,2,1.0,-0.0002571160481895,-0.0002571160481895,0.0,0.0,-0.0002571160481895,90674.16576060152,96853.87695607195
2025-02-25,22547.55078125,0,-0.0001108767876499,0,0.5377844,0.24803212,0.21418348,2,1.0,-0.0001108767876499,-0.0001108767876499,0.0,0.0,-0.0001108767876499,90664.11210037916,96843.13810932363
2025-02-27,22545.05078125,2,-0.0186449596666951,0,0.6320192,0.19742428,0.17055649,2,1.0,-0.0186449596666951,-0.0186449596666951,0.0,0.0,-0.0186449596666951,88973.68338705086,95037.50170527911
2025-02-28,22124.69921875,0,-0.0002440004922383,1,0.31220487,0.6544121,0.033383068,2,1.0,-0.0002440004922383,-0.0002440004922383,0.0,0.0,-0.0002440004922383,88951.97376450818,95014.31250808192
2025-03-03,22119.30078125,0,-0.0016569416451024,0,0.61989856,0.17525855,0.20484291,2,1.0,-0.0016569416451024,-0.0016569416451024,0.0,0.0,-0.0016569416451024,88804.5855347637,94856.8793368065
2025-03-04,22082.650390625,1,0.0115316950692254,0,0.7442325,0.10618738,0.14958017,2,1.0,0.0115316950692254,0.0115316950692254,0.0,0.0,0.0115316950692254,89828.65293589955,95950.73994453686
2025-03-05,22337.30078125,1,0.009284847776867,0,0.4472731,0.38076323,0.1719637,2,1.0,0.009284847776867,0.009284847776867,0.0,0.0,0.009284847776867,90662.6983044104,96841.62795899964
2025-03-06,22544.69921875,0,0.0003460139864501,1,0.23452474,0.69461507,0.07086019,2,1.0,0.0003460139864501,0.0003460139864501,0.0,0.0,0.0003460139864501,90694.06886607302,96875.13651674407
2025-03-07,22552.5,0,-0.0040882039130917,0,0.54998964,0.3641972,0.08581318,2,1.0,-0.0040882039130917,-0.0040882039130917,0.0,0.0,-0.0040882039130917,90323.29301884054,96479.091204555
2025-03-10,22460.30078125,0,0.001674047455606,0,0.62187225,0.24186769,0.13626003,2,1.0,0.001674047455606,0.001674047455606,0.0,0.0,0.001674047455606,90474.4984977007,96640.60178170518
2025-03-11,22497.900390625,0,-0.0012179087892316,0,0.594322,0.20103128,0.20464666,2,1.0,-0.0012179087892316,-0.0012179087892316,0.0,0.0,-0.0012179087892316,90364.30881077902,96522.90234339861
2025-03-12,22470.5,0,-0.0032620894617386,0,0.6942627,0.13117123,0.17456612,2,1.0,-0.0032620894617386,-0.0032620894617386,0.0,0.0,-0.0032620894617386,90069.5323512901,96208.0360008478
2025-03-13,22397.19921875,0,0.0049805683362682,0,0.75743103,0.14625981,0.09630918,2,1.0,0.0049805683362682,0.0049805683362682,0.0,0.0,0.0049805683362682,90518.12981218142,96687.20669864818
2025-03-17,22508.75,1,0.0144632989948354,0,0.776033,0.14302772,0.08093923,2,1.0,0.0144632989948354,0.0144632989948354,0.0,0.0,0.0144632989948354,91827.32058810831,98085.62267810617
2025-03-18,22834.30078125,0,0.0032100316461272,0,0.67310065,0.123651385,0.20324796,2,1.0,0.0032100316461272,0.0032100316461272,0.0,0.0,0.0032100316461272,92122.08919317521,98400.48063093299
2025-03-19,22907.599609375,1,0.01235619558909,0,0.5783529,0.2016077,0.22003932,2,1.0,0.01235619558909,0.01235619558909,0.0,0.0,0.01235619558909,93260.3677453217,99616.33621566926
2025-03-20,23190.650390625,1,0.0068885519512889,0,0.5718846,0.28311995,0.14499548,2,1.0,0.0068885519512889,0.0068885519512889,0.0,0.0,0.0068885519512889,93902.79663353165,100302.54852288796
2025-03-21,23350.400390625,1,0.0131881772302988,1,0.22735795,0.65604967,0.116592415,2,1.0,0.0131881772302988,0.0131881772302988,0.0,0.0,0.0131881772302988,95141.20335795537,101625.35630945845
2025-03-24,23658.349609375,0,0.0004353972876416,1,0.43310243,0.47436193,0.09253559,2,1.0,0.0004353972876416,0.0004353972876416,0.0,0.0,0.0004353972876416,95182.62757984038,101669.60371395122
2025-03-25,23668.650390625,2,-0.0076810793285454,0,0.6011532,0.22945109,0.1693957,2,1.0,-0.0076810793285454,-0.0076810793285454,0.0,0.0,-0.0076810793285454,94451.52226670022,100888.67142252257
2025-03-26,23486.849609375,0,0.0044748278770025,2,0.37718654,0.18235232,0.4404611,2,1.0,0.0044748278770025,0.0044748278770025,0.0,0.0,0.0044748278770025,94874.17657156459,101340.13086187783
2025-03-27,23591.94921875,0,-0.0030773044101545,0,0.59022284,0.30681145,0.102965705,2,0.0,-0.0030773044101545,-0.0,1.0,0.001,-0.001,94779.30239499302,101028.27643025095
2025-03-28,23519.349609375,2,-0.0150365718652369,0,0.6995197,0.108888425,0.19159184,2,0.0,-0.0150365718652369,-0.0,0.0,0.0,-0.0,94779.30239499302,99509.15749128646
2025-04-01,23165.69921875,1,0.0071938424586863,0,0.4424881,0.2516844,0.30582756,2,0.0,0.0071938424586863,0.0,0.0,0.0,0.0,94779.30239499302,100225.01069347539
2025-04-02,23332.349609375,0,-0.0035251486188494,0,0.47455564,0.1639327,0.36151162,2,0.0,-0.0035251486188494,-0.0,0.0,0.0,-0.0,94779.30239499302,99871.7026354551
2025-04-03,23250.099609375,2,-0.0148666197750665,0,0.53526837,0.19243018,0.2723015,2,0.0,-0.0148666197750665,-0.0,0.0,0.0,-0.0,94779.30239499302,98386.94800608528
2025-04-04,22904.44921875,2,-0.0324325462830553,1,0.17739785,0.57726496,0.24533719,2,0.0,-0.0324325462830553,-0.0,0.0,0.0,-0.0,94779.30239499302,95196.00876122937
2025-04-07,22161.599609375,1,0.0168873189028142,0,0.5581159,0.4006299,0.041254174,0,1.0,0.0168873189028142,0.0168873189028142,1.0,0.001,0.0158873189028142,96285.09139752854,96803.61411945535
2025-04-08,22535.849609375,2,-0.0060658560080705,1,0.3482522,0.53579724,0.1159505,0,1.0,-0.0060658560080705,-0.0060658560080705,0.0,0.0,-0.0060658560080705,95701.03989738722,96216.4173351459
2025-04-09,22399.150390625,1,0.0191703874091904,0,0.49146214,0.2968806,0.21165726,0,1.0,0.0191703874091904,0.0191703874091904,0.0,0.0,0.0191703874091904,97535.66590768252,98060.923330585
2025-04-11,22828.55078125,1,0.0219023977821084,1,0.2636155,0.4845639,0.25182062,0,1.0,0.0219023977821084,0.0219023977821084,0.0,0.0,0.0219023977821084,99671.93086033543,100208.69268025232
2025-04-15,23328.55078125,0,0.004657316201027,1,0.2040765,0.5517445,0.24417895,0,1.0,0.004657316201027,0.004657316201027,0.0,0.0,0.004657316201027,100136.1345587189,100675.3962481558
2025-04-16,23437.19921875,1,0.0176834769379541,0,0.448174,0.39432904,0.15749691,0,1.0,0.0176834769379541,0.0176834769379541,0.0,0.0,0.0176834769379541,101906.88958484388,102455.68729592947
2025-04-17,23851.650390625,1,0.0114834984640164,1,0.356634,0.4532054,0.19016057,0,1.0,0.0114834984640164,0.0114834984640164,0.0,0.0,0.0114834984640164,103077.13719486413,103632.23702362202
2025-04-21,24125.55078125,0,0.0017284255654137,1,0.148122,0.81048775,0.04139022,2,1.0,0.0017284255654137,0.0017284255654137,0.0,0.0,0.0017284255654137,103255.2983540014,103811.35763149465
2025-04-22,24167.25,1,0.0066908406521222,0,0.6047551,0.2063856,0.18885931,2,1.0,0.0066908406521222,0.0066908406521222,0.0,0.0,0.0066908406521222,103946.16310177535,104505.94288328745
2025-04-23,24328.94921875,0,-0.0033807460922566,0,0.5060391,0.36708647,0.12687445,2,1.0,-0.0033807460922566,-0.0033807460922566,0.0,0.0,-0.0033807460922566,103594.74751706397,104152.63482526717
2025-04-24,24246.69921875,2,-0.0085516633626838,0,0.438926,0.28252238,0.27855167,2,1.0,-0.0085516633626838,-0.0085516633626838,0.0,0.0,-0.0085516633626838,102708.84011015581,103261.95655390495
2025-04-25,24039.349609375,1,0.0120282118827472,1,0.32330072,0.37082064,0.3058787,2,1.0,0.0120282118827472,0.0120282118827472,0.0,0.0,0.0120282118827472,103944.24380123199,104504.01324676238
2025-04-28,24328.5,0,0.0003061930965739,0,0.55480313,0.3166425,0.12855437,2,1.0,0.0003061930965739,0.0003061930965739,0.0,0.0,0.0003061930965739,103976.07081111253,104536.0116541828
2025-04-29,24335.94921875,0,-7.191007773188485e-05,0,0.3911826,0.29720244,0.31161496,2,1.0,-7.191007773188485e-05,-7.191007773188485e-05,0.0,0.0,-7.191007773188485e-05,103968.59388377823,104528.49446145898
2025-04-30,24334.19921875,0,0.0005136803511647,0,0.4927714,0.26446933,0.24275927,2,1.0,0.0005136803511647,0.0005136803511647,0.0,0.0,0.0005136803511647,104022.00050759455,104582.18869520066
2025-05-02,24346.69921875,0,0.0047008906976129,0,0.48290566,0.37075183,0.14634249,2,1.0,0.0047008906976129,0.0047008906976129,0.0,0.0,0.0047008906976129,104510.9965621278,105073.81813317393
2025-05-05,24461.150390625,0,-0.0033338898599493,0,0.547101,0.3136705,0.13922848,2,1.0,-0.0033338898599493,-0.0033338898599493,0.0,0.0,-0.0033338898599493,104162.56841043611,104723.51359635359
2025-05-06,24379.599609375,0,0.0014274549954715,0,0.56482667,0.1986096,0.23656377,2,1.0,0.0014274549954715,0.0014274549954715,0.0,0.0,0.0014274549954715,104311.25578905473,104873.00169898004
2025-05-07,24414.400390625,2,-0.0057588802970967,0,0.7576795,0.15798296,0.084337525,2,1.0,-0.0057588802970967,-0.0057588802970967,0.0,0.0,-0.0057588802970967,103710.53975332573,104269.05063579838
2025-05-08,24273.80078125,2,-0.0109501096942064,0,0.47287026,0.25675493,0.27037477,2,1.0,-0.0109501096942064,-0.0109501096942064,0.0,0.0,-0.0109501096942064,102574.89796658145,103127.29309362563
2025-05-09,24008.0,1,0.0381830730902199,2,0.38989675,0.21608214,0.39402112,2,1.0,0.0381830730902199,0.0381830730902199,0.0,0.0,0.0381830730902199,106491.52279286129,107065.01006341606
2025-05-12,24924.69921875,2,-0.0138958390765435,2,0.34497976,0.11807307,0.5369472,2,0.0,-0.0138958390765435,-0.0,1.0,0.001,-0.001,106385.03127006844,105577.25191284633
2025-05-13,24578.349609375,0,0.0036027960647213,2,0.21292572,0.18712424,0.5999501,2,0.0,0.0036027960647213,0.0,0.0,0.0,0.0,106385.03127006844,105957.62522056203
2025-05-14,24666.900390625,1,0.0160214381414618,0,0.75265115,0.16719832,0.080150515,2,0.0,0.0160214381414618,0.0,0.0,0.0,0.0,106385.03127006844,107655.21875864945
2025-05-15,25062.099609375,0,-0.0016877607536591,1,0.3314874,0.44131792,0.2271947,2,0.0,-0.0016877607536591,-0.0,0.0,0.0,-0.0,106385.03127006844,107473.52250550201
2025-05-16,25019.80078125,0,-0.0029717088137536,0,0.63448876,0.18530118,0.18021005,2,1.0,-0.0029717088137536,-0.0029717088137536,1.0,0.001,-0.0039717088137536,105962.50090372165,107154.14249142728
2025-05-19,24945.44921875,2,-0.0104848313546668,0,0.39122862,0.2689592,0.3398122,2,1.0,-0.0104848313546668,-0.0104848313546668,0.0,0.0,-0.0104848313546668,104851.50195182739,106030.64937845072
2025-05-20,24683.900390625,1,0.0052483127088862,0,0.50077826,0.20905733,0.29016444,0,1.0,0.0052483127088862,0.0052483127088862,0.0,0.0,0.0052483127088862,105401.79542206698,106587.1313831151
2025-05-21,24813.44921875,2,-0.0082112727740422,0,0.6894186,0.23651901,0.07406237,0,1.0,-0.0082112727740422,-0.0082112727740422,0.0,0.0,-0.0082112727740422,104536.31252898258,105711.91537312568
2025-05-22,24609.69921875,1,0.0098924887180058,0,0.5010663,0.30602115,0.19291255,0,1.0,0.0098924887180058,0.0098924887180058,0.0,0.0,0.0098924887180058,105570.43682129748,106757.66930331312
2025-05-23,24853.150390625,1,0.0059549794562796,0,0.5486626,0.22547482,0.22586255,0,1.0,0.0059549794562796,0.0059549794562796,0.0,0.0,0.0059549794562796,106199.10660375877,107393.40903081464
2025-05-26,25001.150390625,2,-0.0069977248703164,0,0.64126724,0.14873762,0.20999512,0,1.0,-0.0069977248703164,-0.0069977248703164,0.0,0.0,-0.0069977248703164,105455.95447427228,106641.89950153166
2025-05-27,24826.19921875,0,-0.0029706520659956,1,0.29641655,0.6097591,0.09382431,0,1.0,-0.0029706520659956,-0.0029706520659956,0.0,0.0,-0.0029706520659956,105142.68152524173,106325.10352245574
2025-05-28,24752.44921875,0,0.0032784792287758,2,0.34261304,0.29093477,0.36645222,0,1.0,0.0032784792287758,0.0032784792287758,0.0,0.0,0.0032784792287758,105487.38962268003,106673.68816585156
2025-05-29,24833.599609375,0,-0.0033382349691143,0,0.46061692,0.31485343,0.2245296,0,0.0,-0.0033382349691143,-0.0,1.0,0.001,-0.001,105381.90223305735,106317.58632973192
2025-05-30,24750.69921875,0,-0.0013777230725331,0,0.79023325,0.15607947,0.05368727,0,0.0,-0.0013777230725331,-0.0,0.0,0.0,-0.0,105381.90223305735,106171.1101380294
2025-06-02,24716.599609375,2,-0.0070438333802584,0,0.79117537,0.11880847,0.09001609,0,0.0,-0.0070438333802584,-0.0,0.0,0.0,-0.0,105381.90223305735,105423.25852842005
2025-06-03,24542.5,0,0.0031659048079861,0,0.57804984,0.17890455,0.24304563,0,0.0,0.0031659048079861,0.0,0.0,0.0,0.0,105381.90223305735,105757.01852946875
2025-06-04,24620.19921875,1,0.0053086967621067,0,0.61344033,0.24237943,0.14418025,0,0.0,0.0053086967621067,0.0,0.0,0.0,0.0,105381.90223305735,106318.45047130622
2025-06-05,24750.900390625,1,0.0101875239545026,0,0.6606414,0.20706849,0.13229012,0,0.0,0.0101875239545026,0.0,0.0,0.0,0.0,105381.90223305735,107401.57223228825
2025-06-06,25003.05078125,0,0.0040054487100871,0,0.6615855,0.25086024,0.087554194,0,0.0,0.0040054487100871,0.0,0.0,0.0,0.0,105381.90223305735,107831.76372124741
2025-06-09,25103.19921875,0,4.18584595869298e-05,0,0.6471393,0.22257516,0.13028555,2,0.0,4.18584595869298e-05,0.0,0.0,0.0,0.0,105381.90223305735,107836.27739277133
2025-06-10,25104.25,0,0.0014798446727146,0,0.6044723,0.11768492,0.2778428,2,0.0,0.0014798446727146,0.0,0.0,0.0,0.0,105381.90223305735,107995.8583333964
2025-06-11,25141.400390625,2,-0.0100710846627866,0,0.6078512,0.25305504,0.13909373,2,0.0,-0.0100710846627866,-0.0,0.0,0.0,-0.0,105381.90223305735,106908.22290089045
2025-06-12,24888.19921875,2,-0.0068144588479197,2,0.3675779,0.1734005,0.45902157,2,0.0,-0.0068144588479197,-0.0,0.0,0.0,-0.0,105381.90223305735,106179.70121542813
2025-06-13,24718.599609375,1,0.0092197937677085,0,0.48772395,0.24878205,0.26349404,2,0.0,0.0092197937677085,0.0,0.0,0.0,0.0,105381.90223305735,107158.65616295129
2025-06-16,24946.5,0,-0.0037319707924959,0,0.6506277,0.21778254,0.13158974,2,0.0,-0.0037319707924959,-0.0,0.0,0.0,-0.0,105381.90223305735,106758.74318798803
2025-06-17,24853.400390625,0,-0.0016637405234334,0,0.4370824,0.26118013,0.30173746,1,0.0,-0.0016637405234334,-0.0,0.0,0.0,-0.0,105381.90223305735,106581.12434071537
2025-06-18,24812.05078125,0,-0.0007577278241026,0,0.47309038,0.1418371,0.3850725,2,0.0,-0.0007577278241026,-0.0,0.0,0.0,-0.0,105381.90223305735,106500.36485727827
2025-06-19,24793.25,1,0.0128724709598377,0,0.76635885,0.05843271,0.17520839,1,0.0,0.0128724709598377,0.0,0.0,0.0,0.0,105381.90223305735,107871.28771111571
2025-06-20,25112.400390625,2,-0.0055948454872697,0,0.6126578,0.3361792,0.051162973,2,0.0,-0.0055948454872697,-0.0,0.0,0.0,-0.0,105381.90223305735,107267.7645238592
2025-06-23,24971.900390625,0,0.0029012296868362,0,0.5410909,0.13179284,0.32711622,1,0.0,0.0029012296868362,0.0,0.0,0.0,0.0,105381.90223305735,107578.97294673638
2025-06-24,25044.349609375,1,0.0080018205204253,1,0.35775173,0.4104215,0.23182677,2,0.0,0.0080018205204253,0.0,0.0,0.0,0.0,105381.90223305735,108439.80058002785
2025-06-25,25244.75,1,0.0120520108141297,0,0.67307705,0.17075844,0.15616447,1,1.0,0.0120520108141297,0.0120520108141297,1.0,0.001,0.011052010814129699,106546.58415615065,109746.71822930042
2025-06-26,25549.0,0,0.003475704773181,0,0.50208193,0.26644957,0.23146845,2,1.0,0.003475704773181,0.003475704773181,0.0,0.0,0.003475704773181,106916.90862726832,110128.16542169095
2025-06-27,25637.80078125,0,-0.0047098423546652,0,0.74968094,0.12137837,0.12894072,1,1.0,-0.0047098423546652,-0.0047098423546652,0.0,0.0,-0.0047098423546652,106413.34684258574,109609.4791237463
2025-06-30,25517.05078125,0,0.0009699396772837,0,0.68439656,0.16130643,0.15429701,2,1.0,0.0009699396772837,0.0009699396772837,0.0,0.0,0.0009699396772837,106516.56136988092,109715.79370655482
2025-07-01,25541.80078125,0,-0.0034610085397696,0,0.60650134,0.24332656,0.15017207,1,1.0,-0.0034610085397696,-0.0034610085397696,0.0,0.0,-0.0034610085397696,106147.90664135288,109336.06640758883
2025-07-02,25453.400390625,0,-0.0018897125192245,0,0.5385803,0.10024065,0.36117902,2,1.0,-0.0018897125192245,-0.0018897125192245,0.0,0.0,-0.0018897125192245,105947.31761328322,109129.45267409566
2025-07-03,25405.30078125,0,0.0021924250859925,0,0.5960556,0.10378418,0.30016023,1,1.0,0.0021924250859925,0.0021924250859925,0.0,0.0,0.0021924250859925,106179.5991702122,109368.71082375899
2025-07-04,25461.0,0,1.1813410706551508e-05,0,0.4330426,0.3123014,0.25465608,2,1.0,1.1813410706551508e-05,1.1813410706551508e-05,0.0,0.0,1.1813410706551508e-05,106180.85351342586,109370.00284125839
2025-07-07,25461.30078125,0,0.0024036171315751,0,0.5591188,0.27198175,0.16889942,1,1.0,0.0024036171315751,0.0024036171315751,0.0,0.0,0.0024036171315751,106436.071631976,109632.88645376805
2025-07-08,25522.5,0,-0.0018180190273288,0,0.51479816,0.12956658,0.35563526,2,1.0,-0.0018180190273288,-0.0018180190273288,0.0,0.0,-0.0018180190273288,106242.56882855491,109433.57178017413
2025-07-09,25476.099609375,0,-0.004743646446198,0,0.74205714,0.07526449,0.18267839,1,1.0,-0.004743646446198,-0.004743646446198,0.0,0.0,-0.004743646446198,105738.5916444964,108914.45760630436
2025-07-10,25355.25,2,-0.008100901810276,0,0.65034324,0.24921156,0.10044521,2,1.0,-0.008100901810276,-0.008100901810276,0.0,0.0,-0.008100901810276,104882.01369602745,108032.15227951622
2025-07-11,25149.849609375,0,-0.0026858541571485,0,0.5680898,0.17511602,0.2567942,1,1.0,-0.0026858541571485,-0.0026858541571485,0.0,0.0,-0.0026858541571485,104600.31590353187,107741.99367421058
2025-07-14,25082.30078125,0,0.0045251032187942,0,0.681742,0.11249441,0.20576355,2,1.0,0.0045251032187942,0.0045251032187942,0.0,0.0,0.0045251032187942,105073.64312971383,108229.53731658506
2025-07-15,25195.80078125,0,0.0006449487413033,0,0.60313135,0.1605767,0.23629197,0,1.0,0.0006449487413033,0.0006449487413033,0.0,0.0,0.0006449487413033,105141.41024359451,108299.33982044924
2025-07-16,25212.05078125,0,-0.0039902173517283,0,0.6859567,0.12966712,0.18437615,2,1.0,-0.0039902173517283,-0.0039902173517283,0.0,0.0,-0.0039902173517283,104721.87316405535,107867.20191551695
2025-07-17,25111.44921875,2,-0.0056965580472427,0,0.74693805,0.13126619,0.12179578,2,1.0,-0.0056965580472427,-0.0056965580472427,0.0,0.0,-0.0056965580472427,104125.31893476032,107252.73013841157
2025-07-18,24968.400390625,0,0.0048981443028652,0,0.45061284,0.24881782,0.30056933,2,1.0,0.0048981443028652,0.0048981443028652,0.0,0.0,0.0048981443028652,104635.33977248464,107778.06948750577
2025-07-21,25090.69921875,0,-0.0011876443882732,0,0.8160142,0.10128106,0.08270471,2,1.0,-0.0011876443882732,-0.0011876443882732,0.0,0.0,-0.0011876443882732,104511.07019838878,107650.06746810002
2025-07-22,25060.900390625,1,0.0063445445902445,0,0.6669767,0.24364501,0.0893783,2,1.0,0.0063445445902445,0.0063445445902445,0.0,0.0,0.0063445445902445,105174.14534343666,108333.0581212942
2025-07-23,25219.900390625,2,-0.006256994627491,0,0.65964985,0.24332996,0.09702022,2,1.0,-0.006256994627491,-0.006256994627491,0.0,0.0,-0.006256994627491,104516.07128107181,107655.2187586496
2025-07-24,25062.099609375,2,-0.0089816740370306,0,0.47004908,0.43144524,0.09850563,2,1.0,-0.0089816740370306,-0.0089816740370306,0.0,0.0,-0.0089816740370306,103577.34199719418,106688.2946753742
2025-07-25,24837.0,2,-0.0062849623293875,0,0.37473407,0.29414412,0.33112186,2,1.0,-0.0062849623293875,-0.0062849623293875,0.0,0.0,-0.0062849623293875,102926.36230456374,106017.76276235288
2025-07-28,24680.900390625,1,0.0056804742343701,0,0.52331257,0.17878336,0.29790407,2,1.0,0.0056804742343701,0.0056804742343701,0.0,0.0,0.0056804742343701,103511.03285367225,106619.99393211
2025-07-29,24821.099609375,0,0.0013678351245234,0,0.56562084,0.19254069,0.24183849,2,1.0,0.0013678351245234,0.0013678351245234,0.0,0.0,0.0013678351245234,103652.6188801852,106765.8325047868
2025-07-30,24855.05078125,0,-0.0034882717656889,0,0.5262184,0.21616088,0.25762066,2,1.0,-0.0034882717656889,-0.0034882717656889,0.0,0.0,-0.0034882717656889,103291.05037630575,106393.40426572008
2025-07-31,24768.349609375,2,-0.0081959437427822,1,0.24938439,0.64380217,0.10681345,2,1.0,-0.0081959437427822,-0.0081959437427822,0.0,0.0,-0.0081959437427822,102444.48273828866,105521.40990975517
2025-08-01,24565.349609375,1,0.0064074150430544,2,0.31586194,0.29645035,0.38768774,2,1.0,0.0064074150430544,0.0064074150430544,0.0,0.0,0.0064074150430544,103100.8870580639,106197.52937897525
2025-08-04,24722.75,0,-0.0029608040671041,0,0.6154652,0.2635129,0.1210219,2,0.0,-0.0029608040671041,-0.0,1.0,0.001,-0.001,102997.78617100584,105883.09930207356
2025-08-05,24649.55078125,0,-0.0030569142281212,0,0.5578313,0.20866072,0.233508,2,0.0,-0.0030569142281212,-0.0,0.0,0.0,-0.0,102997.78617100584,105559.42374929947
2025-08-06,24574.19921875,0,0.0008932609229541,0,0.61724913,0.12849207,0.2542588,2,0.0,0.0008932609229541,0.0,0.0,0.0,0.0,102997.78617100584,105653.71585758428
2025-08-07,24596.150390625,2,-0.0094669127354072,1,0.34835526,0.5913379,0.060306787,2,0.0,-0.0094669127354072,-0.0,0.0,0.0,-0.0,102997.78617100584,104653.50134938903
2025-08-08,24363.30078125,1,0.0091018044718578,0,0.43509942,0.20258792,0.36231267,2,1.0,0.0091018044718578,0.0091018044718578,1.0,0.001,0.0081018044718578,103832.25409559753,105606.03705596647
2025-08-11,24585.05078125,0,-0.0039719417907191,1,0.36293635,0.49702153,0.1400421,2,1.0,-0.0039719417907191,-0.0039719417907191,0.0,0.0,-0.0039719417907191,103419.83842633067,105186.57602403166
2025-08-12,24487.400390625,1,0.0053884535167121,0,0.45977324,0.10757171,0.432655,1,1.0,0.0053884535167121,0.0053884535167121,0.0,0.0,0.0053884535167121,103977.11141839683,105753.36899951925
2025-08-13,24619.349609375,0,0.000485438164071,0,0.6344881,0.19955342,0.16595845,2,1.0,0.000485438164071,0.000485438164071,0.0,0.0,0.000485438164071,104027.58587646918,105804.70572081071
2025-08-14,24631.30078125,1,0.0099730192766349,0,0.67096055,0.14864443,0.18039499,1,1.0,0.0099730192766349,0.0099730192766349,0.0,0.0,0.0099730192766349,105065.05499571702,106859.89809052306
2025-08-18,24876.94921875,0,0.0041685646806257,0,0.5658744,0.25541013,0.17871547,2,1.0,0.0041685646806257,0.0041685646806257,0.0,0.0,0.0041685646806257,105503.02547314017,107305.35048747847
2025-08-19,24980.650390625,0,0.0027981813736617,0,0.5927938,0.13393724,0.27326888,1,1.0,0.0027981813736617,0.0027981813736617,0.0,0.0,0.0027981813736617,105798.24207388406,107605.61032050678
2025-08-20,25050.55078125,0,0.0013252889742787,0,0.6398694,0.09714374,0.26298687,2,1.0,0.0013252889742787,0.0013252889742787,0.0,0.0,0.0013252889742787,105938.45531760267,107748.21884943508
2025-08-21,25083.75,2,-0.0085174820600987,0,0.64665014,0.1670761,0.18627374,1,1.0,-0.0085174820600987,-0.0085174820600987,0.0,0.0,-0.0085174820600987,105036.12642496041,106830.47532837743
2025-08-22,24870.099609375,0,0.0039264173509054,0,0.5045617,0.20681787,0.28862044,2,1.0,0.0039264173509054,0.0039264173509054,0.0,0.0,0.0039264173509054,105448.54209422728,107249.93636031226
2025-08-25,24967.75,2,-0.0102411798720348,0,0.75499415,0.09988571,0.14512016,1,1.0,-0.0102411798720348,-0.0102411798720348,0.0,0.0,-0.0102411798720348,104368.62460739647,106151.57047078201
2025-08-26,24712.05078125,2,-0.0085444301039235,1,0.3353514,0.4645606,0.20008796,2,1.0,-0.0085444301039235,-0.0085444301039235,0.0,0.0,-0.0085444301039235,103476.85418939593,105244.5657964727
2025-08-28,24500.900390625,0,-0.0030223697933294,0,0.52858776,0.22814032,0.2432719,1,1.0,-0.0030223697933294,-0.0030223697933294,0.0,0.0,-0.0030223697933294,103164.10887098518,104926.47779989737
2025-08-29,24426.849609375,1,0.0081140701746054,0,0.6163795,0.13267155,0.250949,2,1.0,0.0081140701746054,0.0081140701746054,0.0,0.0,0.0081140701746054,104001.18968986499,105777.85860393991
2025-09-01,24625.05078125,0,-0.0018457290617897,0,0.60155123,0.12444863,0.27400014,1,1.0,-0.0018457290617897,-0.0018457290617897,0.0,0.0,-0.0018457290617897,103809.2316715937,105582.62133622073
2025-09-02,24579.599609375,1,0.005510715147017,0,0.47763044,0.1443265,0.37804314,2,1.0,0.005510715147017,0.005510715147017,0.0,0.0,0.005510715147017,104381.29477696656,106164.45708688002
2025-09-03,24715.05078125,0,0.0007788776228048,2,0.38716027,0.22071992,0.39211988,1,1.0,0.0007788776228048,0.0007788776228048,0.0,0.0,0.0007788776228048,104462.59503170774,106247.14620684221
2025-09-04,24734.30078125,0,0.0002708473067116,0,0.55656356,0.20715149,0.23628493,2,0.0,0.0002708473067116,0.0,1.0,0.001,-0.001,104358.13243667602,106275.92296023814
2025-09-05,24741.0,0,0.0012994782193525,0,0.66441613,0.12774533,0.20783854,1,0.0,0.0012994782193525,0.0,0.0,0.0,0.0,104358.13243667602,106414.02620736655
2025-09-08,24773.150390625,0,0.0038529301782352,0,0.65179265,0.16080044,0.18740688,2,0.0,0.0038529301782352,0.0,0.0,0.0,0.0,104358.13243667602,106824.03202032844
2025-09-09,24868.599609375,0,0.0042020862308871,0,0.654156,0.1837382,0.16210575,1,0.0,0.0042020862308871,0.0,0.0,0.0,0.0,104358.13243667602,107272.91581440892
2025-09-10,24973.099609375,0,0.0012974116602184,0,0.7958206,0.085951164,0.11822823,2,0.0,0.0012974116602184,0.0,0.0,0.0,0.0,104358.13243667602,107412.09294621217
2025-09-11,25005.5,0,0.0043390454100098,0,0.74378383,0.15111306,0.105103105,1,0.0,0.0043390454100098,0.0,0.0,0.0,0.0,104358.13243667602,107878.15889508997
2025-09-12,25114.0,0,-0.0017838966811339,0,0.8250867,0.07986055,0.0950527,2,0.0,-0.0017838966811339,-0.0,0.0,0.0,-0.0,104358.13243667602,107685.71540547021
2025-09-15,25069.19921875,1,0.0067772563910986,0,0.81088316,0.09489549,0.09422138,1,0.0,0.0067772563910986,0.0,0.0,0.0,0.0,104358.13243667602,108415.52910843195
2025-09-16,25239.099609375,0,0.0036114755294653,0,0.6144848,0.23323186,0.15228334,2,0.0,0.0036114755294653,0.0,0.0,0.0,0.0,104358.13243667602,108807.0691388211
2025-09-17,25330.25,0,0.0036853015416349,0,0.8070885,0.10286079,0.09005073,1,0.0,0.0036853015416349,0.0,0.0,0.0,0.0,104358.13243667602,109208.05599845918
2025-09-18,25423.599609375,0,-0.0037976065391384,0,0.7947263,0.118047275,0.087226436,2,0.0,-0.0037976065391384,-0.0,0.0,0.0,-0.0,104358.13243667602,108793.32677087284
2025-09-19,25327.05078125,0,-0.0049236357186648,0,0.51688004,0.36778796,0.11533199,1,0.0,-0.0049236357186648,-0.0,0.0,0.0,-0.0,104358.13243667602,108257.66806123138
2025-09-22,25202.349609375,0,-0.001303434397354,0,0.67294925,0.23801395,0.08903679,2,0.0,-0.001303434397354,-0.0,0.0,0.0,-0.0,104358.13243667602,108116.56129290303
2025-09-23,25169.5,0,-0.0044736530076083,0,0.81343824,0.118011564,0.068550155,1,0.0,-0.0044736530076083,-0.0,0.0,0.0,-0.0,104358.13243667602,107632.88531330277
2025-09-24,25056.900390625,2,-0.0066269482123226,0,0.5764094,0.32581705,0.09777354,2,0.0,-0.0066269482123226,-0.0,0.0,0.0,-0.0,104358.13243667602,106919.60775638866
2025-09-25,24890.849609375,2,-0.0094874379272315,1,0.3277194,0.58625585,0.086024806,1,0.0,-0.0094874379272315,-0.0,0.0,0.0,-0.0,104358.13243667602,105905.21461459599
2025-09-26,24654.69921875,0,-0.0008030448049409,0,0.50111,0.27863893,0.22025104,2,1.0,-0.0008030448049409,-0.0008030448049409,1.0,0.001,-0.0018030448049409001,104169.97004813273,105820.16798218359
2025-09-29,24634.900390625,0,-0.0009661407544825,0,0.5169826,0.29988682,0.18313058,1,1.0,-0.0009661407544825,-0.0009661407544825,0.0,0.0,-0.0009661407544825,104069.327194676,105717.93080524981
2025-09-30,24611.099609375,1,0.0091503904924759,0,0.7625468,0.15285231,0.08460086,2,1.0,0.0091503904924759,0.0091503904924759,0.0,0.0,0.0091503904924759,105021.60217679654,106685.29115417438
2025-10-01,24836.30078125,0,0.0023332467769816,0,0.8546442,0.11122265,0.034133203,1,1.0,0.0023332467769816,0.0023332467769816,0.0,0.0,0.0023332467769816,105266.64349158901,106934.21426591121
2025-10-03,24894.25,1,0.0073671787912872,0,0.7712646,0.11370294,0.115032464,2,1.0,0.0073671787912872,0.0073671787912872,0.0,0.0,0.0073671787912872,106042.16167495024,107722.017741314
2025-10-06,25077.650390625,0,0.0012222193924698,0,0.7295829,0.19350421,0.076912835,1,1.0,0.0012222193924698,0.0012222193924698,0.0,0.0,0.0012222193924698,106171.76846136877,107853.67768039342
2025-10-07,25108.30078125,0,-0.0024752925801897,0,0.8115564,0.11733124,0.07111235,2,1.0,-0.0024752925801897,-0.0024752925801897,0.0,0.0,-0.0024752925801897,105908.96227067073,107586.70827228496
2025-10-08,25046.150390625,1,0.0054160175719368,0,0.7278801,0.1836381,0.08848175,1,1.0,0.0054160175719368,0.0054160175719368,0.0,0.0,0.0054160175719368,106482.56707135428,108169.3997747945
2025-10-09,25181.80078125,0,0.004112050167679,0,0.88614535,0.06700005,0.046854667,2,1.0,0.004112050167679,0.004112050167679,0.0,0.0,0.004112050167679,106920.42872913495,108614.19777327617
2025-10-10,25285.349609375,0,-0.0022938183927065,0,0.80010146,0.16100077,0.038897783,0,1.0,-0.0022938183927065,-0.0022938183927065,0.0,0.0,-0.0022938183927065,106675.17268315998,108365.05652871478
2025-10-13,25227.349609375,0,-0.0032444791324643,0,0.8309162,0.08570536,0.08337842,2,1.0,-0.0032444791324643,-0.0032444791324643,0.0,0.0,-0.0032444791324643,106329.06731143745,108013.46836411905
2025-10-14,25145.5,1,0.0070808208725219,0,0.79868305,0.084788576,0.11652839,2,1.0,0.0070808208725219,0.0070808208725219,0.0,0.0,0.0070808208725219,107081.96439061206,108778.29238542519
2025-10-15,25323.55078125,1,0.0103362282114798,0,0.90282446,0.061222382,0.035953168,2,1.0,0.0103362282114798,0.0103362282114798,0.0,0.0,0.0103362282114798,108188.78801188698,109902.64963997602
2025-10-16,25585.30078125,0,0.0048679837376106,0,0.8514576,0.12300129,0.025541121,2,1.0,0.0048679837376106,0.0048679837376106,0.0,0.0,0.0048679837376106,108715.44927252067,110437.65395114376
2025-10-17,25709.849609375,1,0.0051848137299641,0,0.91131437,0.034827817,0.05385777,2,1.0,0.0051848137299641,0.0051848137299641,0.0,0.0,0.0051848137299641,109279.11862656804,111010.25261565467
2025-10-20,25843.150390625,0,0.0009847568259027,0,0.60915995,0.1502457,0.24059436,2,1.0,0.0009847568259027,0.0009847568259027,0.0,0.0,0.0009847568259027,109386.73198456419,111119.57071966311
2025-10-21,25868.599609375,0,0.0008814076368377,0,0.75514644,0.09571972,0.1491338,2,1.0,0.0008814076368377,0.0008814076368377,0.0,0.0,0.0008814076368377,109483.1462855041,111217.51235789756
2025-10-23,25891.400390625,0,-0.0037174505259611,0,0.41362303,0.19262657,0.39375037,2,1.0,-0.0037174505259611,-0.0037174505259611,0.0,0.0,-0.0037174505259611,109076.14810576118,110804.0667580866
2025-10-24,25795.150390625,1,0.0066252915000297,0,0.55297756,0.12059472,0.3264277,2,1.0,0.0066252915000297,0.0066252915000297,0.0,0.0,0.0066252915000297,109798.80938266226,111538.17599974769
2025-10-27,25966.05078125,0,-0.001149638146805,0,0.642944,0.13624932,0.22080664,2,1.0,-0.001149638146805,-0.001149638146805,0.0,0.0,-0.001149638146805,109672.58048292219,111409.94745779333
2025-10-28,25936.19921875,0,0.0045381040946781,2,0.2586924,0.2319923,0.50931525,2,1.0,0.0045381040946781,0.0045381040946781,0.0,0.0,0.0045381040946781,110170.28606948565,111915.53739653944
2025-10-29,26053.900390625,2,-0.00675717564781,2,0.3501613,0.28032792,0.36951074,2,0.0,-0.00675717564781,-0.0,1.0,0.001,-0.001,110060.11578341617,111159.30445263199
2025-10-30,25877.849609375,2,-0.0060186608373972,2,0.23262571,0.12309601,0.6442783,2,0.0,-0.0060186608373972,-0.0,0.0,0.0,-0.0,110060.11578341617,110490.27430021061
2025-10-31,25722.099609375,0,0.0016036793506921,2,0.3639256,0.04272228,0.59335214,2,0.0,0.0016036793506921,0.0,0.0,0.0,0.0,110060.11578341617,110667.46527155818
2025-11-03,25763.349609375,2,-0.0064315867797603,0,0.46336117,0.07903338,0.45760545,2,0.0,-0.0064315867797603,-0.0,0.0,0.0,-0.0,110060.11578341617,109955.69786496804
2025-11-04,25597.650390625,0,-0.0034359080045569,0,0.47276762,0.15949152,0.3677409,2,0.0,-0.0034359080045569,-0.0,0.0,0.0,-0.0,110060.11578341617,109577.90020252716
2025-11-06,25509.69921875,0,-0.0006820322478444,0,0.50912225,0.075859316,0.4150184,2,0.0,-0.0006820322478444,-0.0,0.0,0.0,-0.0,110060.11578341617,109503.16454093796
2025-11-07,25492.30078125,0,0.0032185728871263,2,0.29478693,0.08702713,0.61818594,2,0.0,0.0032185728871263,0.0,0.0,0.0,0.0,110060.11578341617,109855.60845738396
2025-11-10,25574.349609375,0,0.0047156471705849,2,0.4131299,0.13274576,0.45412433,2,0.0,0.0047156471705849,0.0,0.0,0.0,0.0,110060.11578341617,110373.64874657891
2025-11-11,25694.94921875,1,0.0070384090258497,0,0.88404095,0.033188626,0.08277037,2,0.0,0.0070384090258497,0.0,0.0,0.0,0.0,110060.11578341617,111150.5036321328
2025-11-12,25875.80078125,0,0.0001294494962036,0,0.76085746,0.12558986,0.11355266,0,0.0,0.0001294494962036,0.0,0.0,0.0,0.0,110060.11578341617,111164.89200883075
2025-11-13,25879.150390625,0,0.0011940264714482,0,0.7780701,0.09520149,0.12672842,0,0.0,0.0011940264714482,0.0,0.0,0.0,0.0,110060.11578341617,111297.62583258498
2025-11-14,25910.05078125,0,0.0039906690408659,0,0.8490543,0.09069485,0.060250834,0,0.0,0.0039906690408659,0.0,0.0,0.0,0.0,110060.11578341617,111741.77782231696
2025-11-17,26013.44921875,0,-0.0039748069020186,2,0.39733338,0.17526567,0.42740095,0,0.0,-0.0039748069020186,-0.0,0.0,0.0,-0.0,110060.11578341617,111297.62583258498
2025-11-18,25910.05078125,1,0.0055036406751542,0,0.595289,0.14938448,0.2553265,0,0.0,0.0055036406751542,0.0,0.0,0.0,0.0,110060.11578341617,111910.16797316528
2025-11-19,26052.650390625,1,0.0053545415882216,0,0.67927474,0.24613199,0.074593306,0,0.0,0.0053545415882216,0.0,0.0,0.0,0.0,110060.11578341617,112509.39562172246
2025-11-20,26192.150390625,0,-0.0047342428227803,0,0.65374094,0.27230418,0.07395493,0,0.0,-0.0047342428227803,-0.0,0.0,0.0,-0.0,110060.11578341617,111976.74882300496
2025-11-21,26068.150390625,0,-0.004167936312968,0,0.48466158,0.37142605,0.14391242,0,0.0,-0.004167936312968,-0.0,0.0,0.0,-0.0,110060.11578341617,111510.03686537748
2025-11-24,25959.5,0,-0.002877529180069,0,0.6031041,0.33734027,0.05955561,0,0.0,-0.002877529180069,-0.0,0.0,0.0,-0.0,110060.11578341617,111189.16348042678
2025-11-25,25884.80078125,1,0.0123817835303625,0,0.5775167,0.21706514,0.20541821,0,0.0,0.0123817835303625,0.0,0.0,0.0,0.0,110060.11578341617,112565.88363356353
2025-11-26,26205.30078125,0,0.0003911422381892,0,0.6926013,0.23621222,0.07118641,0,0.0,0.0003911422381892,0.0,0.0,0.0,0.0,110060.11578341617,112609.9129052317
2025-11-27,26215.55078125,0,-0.0004806903583736,0,0.7762896,0.16459449,0.05911594,0,0.0,-0.0004806903583736,-0.0,0.0,0.0,-0.0,110060.11578341617,112555.78240584086
2025-11-28,26202.94921875,0,-0.0010380212747401,0,0.8422087,0.1126344,0.045156963,0,0.0,-0.0010380212747401,-0.0,0.0,0.0,-0.0,110060.11578341617,112438.94710910857
2025-12-01,26175.75,2,-0.0054841133969418,0,0.9091903,0.059710488,0.031099258,0,0.0,-0.0054841133969418,-0.0,0.0,0.0,-0.0,110060.11578341617,111822.31917292949
2025-12-02,26032.19921875,0,-0.0017746951904364,0,0.78095084,0.14678352,0.07226564,0,0.0,-0.0017746951904364,-0.0,0.0,0.0,-0.0,110060.11578341617,111623.86864090984
2025-12-03,25986.0,0,0.0018375278996383,0,0.69707346,0.19382529,0.10910122,0,0.0,0.0018375278996383,0.0,0.0,0.0,0.0,110060.11578341617,111828.98061380308
2025-12-04,26033.75,1,0.0058654330916598,0,0.6915248,0.17271924,0.13575597,0,0.0,0.0058654330916598,0.0,0.0,0.0,0.0,110060.11578341617,112484.90601730188
2025-12-05,26186.44921875,2,-0.0086265394598917,0,0.8095328,0.09561339,0.09485381,0,0.0,-0.0086265394598917,-0.0,0.0,0.0,-0.0,110060.11578341617,111514.55053690143
2025-12-08,25960.55078125,0,-0.0046570811090926,0,0.83980155,0.08529922,0.074899174,0,0.0,-0.0046570811090926,-0.0,0.0,0.0,-0.0,110060.11578341617,110995.21823020709
2025-12-09,25839.650390625,0,-0.0031598875909956,0,0.62724173,0.22277144,0.1499868,2,0.0,-0.0031598875909956,-0.0,0.0,0.0,-0.0,110060.11578341617,110644.4858174616
2025-12-10,25758.0,1,0.0054565875164998,0,0.53071713,0.34866646,0.12061645,0,0.0,0.0054565875164998,0.0,0.0,0.0,0.0,110060.11578341617,111248.2271375427
2025-12-11,25898.55078125,1,0.0057299900196514,0,0.78696156,0.15301308,0.06002535,0,0.0,0.0057299900196514,0.0,0.0,0.0,0.0,110060.11578341617,111885.67836874475
2025-12-12,26046.94921875,0,-0.0007543469807149,0,0.5848444,0.3088444,0.10631124,0,0.0,-0.0007543469807149,-0.0,0.0,0.0,-0.0,110060.11578341617,111801.27774508204
2025-12-15,26027.30078125,2,-0.0064240688375742,0,0.55520594,0.34793523,0.09685882,0,0.0,-0.0064240688375742,-0.0,0.0,0.0,-0.0,110060.11578341617,111083.05864071888
2025-12-16,25860.099609375,0,-0.0016066770334456,0,0.5805499,0.3622841,0.057166036,0,0.0,-0.0016066770334456,-0.0,0.0,0.0,-0.0,110060.11578341617,110904.58404159594
2025-12-17,25818.55078125,0,-0.0001161955225689,1,0.33651105,0.43321836,0.2302706,0,0.0,-0.0001161955225689,-0.0,0.0,0.0,-0.0,110060.11578341617,110891.69742549794
2025-12-18,25815.55078125,1,0.0058433620360547,0,0.618021,0.27167004,0.11030892,0,1.0,0.0058433620360547,0.0058433620360547,1.0,0.001,0.0048433620360547,110593.17676988534,111539.67776034777
2025-12-19,25966.400390625,1,0.0079333291061156,0,0.67374086,0.25214046,0.0741187,0,1.0,0.0079333291061156,0.0079333291061156,0.0,0.0,0.0079333291061156,111470.54883809166,112424.55873241069
2025-12-22,26172.400390625,0,0.0001814888939914,0,0.6851298,0.19809632,0.11677385,0,1.0,0.0001814888939914,0.0001814888939914,0.0,0.0,0.0001814888939914,111490.77950471292,112444.96254123251
2025-12-23,26177.150390625,0,-0.0013389838361685,0,0.77607816,0.09196792,0.1319539,0,1.0,-0.0013389838361685,-0.0013389838361685,0.0,0.0,-0.0013389838361685,111341.49515307428,112294.40055393123
2025-12-24,26142.099609375,0,-0.003817552133005,0,0.4725826,0.34185746,0.18555996,0,1.0,-0.003817552133005,-0.003817552133005,0.0,0.0,-0.003817552133005,110916.44319076068,111865.71082557204
2025-12-26,26042.30078125,0,-0.0038476313101776,0,0.45096475,0.37913835,0.16989687,0,1.0,-0.0038476313101776,-0.0038476313101776,0.0,0.0,-0.0038476313101776,110489.67761112638,111435.2928140643
2025-12-29,25942.099609375,0,-0.0001252789885528,0,0.62837255,0.28786376,0.08376365,0,1.0,-0.0001252789885528,-0.0001252789885528,0.0,0.0,-0.0001252789885528,110475.83557606975,111421.33231329148
2025-12-30,25938.849609375,1,0.007353834224439,0,0.5865776,0.3514514,0.06197104,0,1.0,0.007353834224439,0.007353834224439,0.0,0.0,0.007353834224439,111288.25655670256,112240.70632018954
2025-12-31,26129.599609375,0,0.0006487344669803,0,0.56543005,0.30855748,0.1260125,0,1.0,0.0006487344669803,0.0006487344669803,0.0,0.0,0.0006487344669803,111360.45308450104,112313.52073497766
2026-01-01,26146.55078125,1,0.0069607651702385,0,0.5932652,0.33719105,0.06954381,0,1.0,0.0069607651702385,0.0069607651702385,0.0,0.0,0.0069607651702385,112135.60704767362,113095.30877825657
2026-01-02,26328.55078125,0,-0.002972058760474,0,0.82398117,0.114289686,0.061729096,0,1.0,-0.002972058760474,-0.002972058760474,0.0,0.0,-0.002972058760474,111802.33343438653,112759.18287503364
2026-01-05,26250.30078125,0,-0.0027276473171363,0,0.67929167,0.1664668,0.15424153,0,1.0,-0.0027276473171363,-0.0027276473171363,0.0,0.0,-0.0027276473171363,111497.37609954465,112451.61559238208
2026-01-06,26178.69921875,0,-0.0014496220164682,0,0.794651,0.13281246,0.07253662,0,1.0,-0.0014496220164682,-0.0014496220164682,0.0,0.0,-0.0014496220164682,111335.7470483723,112288.60325463195
2026-01-07,26140.75,2,-0.0100953641584499,0,0.6634872,0.2169681,0.11954466,2,1.0,-0.0100953641584499,-0.0100953641584499,0.0,0.0,-0.0100953641584499,110211.77213806592,111155.00891393273
2026-01-08,25876.849609375,2,-0.0074796132854935,0,0.7039116,0.18858546,0.10750298,0,1.0,-0.0074796132854935,-0.0074796132854935,0.0,0.0,-0.0074796132854935,109387.43070296427,110323.61243251093
2026-01-09,25683.30078125,0,0.0041641539637333,0,0.5544179,0.22000574,0.22557636,0,1.0,0.0041641539637333,0.0041641539637333,0.0,0.0,0.0041641539637333,109842.93680610861,110783.01694051515
2026-01-12,25790.25,0,-0.0022469428853927,0,0.694251,0.22933675,0.07641224,0,1.0,-0.0022469428853927,-0.0022469428853927,0.0,0.0,-0.0022469428853927,109596.1260007415,110534.09382877832
2026-01-13,25732.30078125,0,-0.0025921184600641,0,0.75284165,0.16889629,0.07826203,0,1.0,-0.0025921184600641,-0.0025921184600641,0.0,0.0,-0.0025921184600641,109312.03985938345,110247.57636369829
2026-01-14,25665.599609375,0,0.001120176439965,0,0.79329175,0.147238,0.059470244,0,1.0,0.001120176439965,0.001120176439965,0.0,0.0,0.001120176439965,109434.48863103846,110371.07310130417
2026-01-16,25694.349609375,0,-0.0042363247573811,0,0.77365404,0.16112188,0.065224044,0,1.0,-0.0042363247573811,-0.0042363247573811,0.0,0.0,-0.0042363247573811,108970.88859753945,109903.50539182639
2026-01-19,25585.5,2,-0.0137968771374411,0,0.78966236,0.12737331,0.08296432,0,1.0,-0.0137968771374411,-0.0137968771374411,0.0,0.0,-0.0137968771374411,107467.43063600142,108387.18023096125
2026-01-20,25232.5,0,-0.0029723570791637,0,0.6828509,0.1454022,0.17174691,0,1.0,-0.0029723570791637,-0.0029723570791637,0.0,0.0,-0.0029723570791637,107147.99905777097,108065.01482851116
2026-01-21,25157.5,1,0.0052628596094603,0,0.7017741,0.16926447,0.12896138,0,1.0,0.0052628596094603,0.0052628596094603,0.0,0.0,0.0052628596094603,107711.90393424661,108633.74583024788
2026-01-22,25289.900390625,2,-0.0095393811867061,0,0.58909947,0.245822,0.16507857,0,1.0,-0.0095393811867061,-0.0095393811867061,0.0,0.0,-0.0095393811867061,106684.39902427196,107597.4471190334
2026-01-23,25048.650390625,1,0.0050601528634628,0,0.43967295,0.28817165,0.27215537,0,1.0,0.0050601528634628,0.0050601528634628,0.0,0.0,0.0050601528634628,107224.23839148143,108141.90664917407
2026-01-27,25175.400390625,1,0.0066473464881742,1,0.27283397,0.5370408,0.19012521,0,1.0,0.0066473464881742,0.0066473464881742,0.0,0.0,0.0066473464881742,107936.9950560002,108860.76337256291
2026-01-28,25342.75,0,0.0030048195489833,0,0.6735591,0.193488,0.13295285,0,1.0,0.0030048195489833,0.0030048195489833,0.0,0.0,0.0030048195489833,108261.326248803,109187.87032246204
2026-01-29,25418.900390625,0,-0.0038652340774046,0,0.4856247,0.1956728,0.31870255,0,1.0,-0.0038652340774046,-0.0038652340774046,0.0,0.0,-0.0038652340774046,107842.87088132111,108765.83364525242
2026-01-30,25320.650390625,2,-0.0091723552285208,0,0.50433475,0.23849075,0.25717455,0,1.0,-0.0091723552285208,-0.0091723552285208,0.0,0.0,-0.0091723552285208,106853.69776073414,107768.19478233198
2026-02-02,25088.400390625,1,0.0254759323302189,2,0.31800133,0.16676109,0.51523757,0,1.0,0.0254759323302189,0.0254759323302189,0.0,0.0,0.0254759323302189,109575.89533412027,110513.69001995653
2026-02-03,25727.55078125,0,0.0018831648283172,0,0.4895565,0.23067184,0.27977166,0,0.0,0.0018831648283172,0.0,1.0,0.001,-0.001,109466.31943878616,110721.80551404966
2026-02-04,25776.0,2,-0.0051675674561607,0,0.6325229,0.14187929,0.22559789,0,0.0,-0.0051675674561607,-0.0,0.0,0.0,-0.0,109466.31943878616,110149.64311518791
2026-02-05,25642.80078125,0,0.0019849016468285,2,0.3151859,0.1233227,0.5614914,0,0.0,0.0019849016468285,0.0,0.0,0.0,0.0,109466.31943878616,110368.27932320483
2026-02-06,25693.69921875,1,0.0067565810988132,0,0.67195135,0.114573196,0.21347547,1,0.0,0.0067565810988132,0.0,0.0,0.0,0.0,109466.31943878616,111113.99155318855
2026-02-09,25867.30078125,0,0.0026229876069705,0,0.7115065,0.16418372,0.12430984,2,0.0,0.0026229876069705,0.0,0.0,0.0,0.0,109466.31943878616,111405.4421759936
2026-02-10,25935.150390625,0,0.0007209990483325,0,0.6807899,0.17012043,0.14908966,1,0.0,0.0007209990483325,0.0,0.0,0.0,0.0,109466.31943878616,111485.76539378156
2026-02-11,25953.849609375,2,-0.0056504292362096,0,0.59836787,0.13071832,0.2709138,2,0.0,-0.0056504292362096,-0.0,0.0,0.0,-0.0,109466.31943878616,110855.82296557934
2026-02-12,25807.19921875,2,-0.0130234825765521,0,0.6253158,0.12754655,0.24713767,1,0.0,-0.0130234825765521,-0.0,0.0,0.0,-0.0,109466.31943878616,109412.09408667778
2026-02-13,25471.099609375,1,0.0083094328030934,2,0.39913088,0.19461228,0.4062568,2,0.0,0.0083094328030934,0.0,0.0,0.0,0.0,109466.31943878616,110321.24653033676
2026-02-16,25682.75,0,0.0016606629206374,0,0.5406036,0.22208193,0.23731454,1,0.0,0.0016606629206374,0.0,0.0,0.0,0.0,109466.31943878616,110504.45293380822
2026-02-17,25725.400390625,0,0.0036520021971839,0,0.5511946,0.20447993,0.2443254,2,0.0,0.0036520021971839,0.0,0.0,0.0,0.0,109466.31943878616,110908.01543872111
2026-02-18,25819.349609375,2,-0.0141366845223501,0,0.7385789,0.11922353,0.14219756,1,0.0,-0.0141366845223501,-0.0,0.0,0.0,-0.0,109466.31943878616,109340.14381346398
2026-02-19,25454.349609375,0,0.0045925506806878,0,0.47602615,0.21472763,0.30924618,2,0.0,0.0045925506806878,0.0,0.0,0.0,0.0,109466.31943878616,109842.29396536101
2026-02-20,25571.25,1,0.0055433347998239,0,0.81452984,0.10474186,0.08072831,1,0.0,0.0055433347998239,0.0,0.0,0.0,0.0,109466.31943878616,110451.18657599168
2026-02-23,25713.0,2,-0.0112141566279703,0,0.66969436,0.16111204,0.16919361,2,0.0,-0.0112141566279703,-0.0,0.0,0.0,-0.0,109466.31943878616,109212.56966998334
2026-02-24,25424.650390625,0,0.0022753354908011,0,0.48810384,0.23930721,0.27258894,1,0.0,0.0022753354908011,0.0,0.0,0.0,0.0,109466.31943878616,109461.06490579506
2026-02-25,25482.5,0,0.0005513894339252,0,0.6288117,0.23125836,0.13992992,2,0.0,0.0005513894339252,0.0,0.0,0.0,0.0,109466.31943878616,109521.42058041033
2026-02-26,25496.55078125,2,-0.0124683685002122,0,0.5676685,0.24037774,0.19195372,1,0.0,-0.0124683685002122,-0.0,0.0,0.0,-0.0,109466.31943878616,108155.86714994705
2026-02-27,25178.650390625,2,-0.0124292274216383,0,0.49773967,0.2676405,0.23461986,2,0.0,-0.0124292274216383,-0.0,0.0,0.0,-0.0,109466.31943878616,106811.57328015585
2026-03-02,24865.69921875,2,-0.0154911878954741,1,0.3035045,0.38052368,0.31597185,1,0.0,-0.0154911878954741,-0.0,0.0,0.0,-0.0,109466.31943878616,105156.93512906175
2026-03-04,24480.5,1,0.0116582745705766,0,0.5572415,0.22875457,0.21400395,2,1.0,0.0116582745705766,0.0116582745705766,1.0,0.001,0.010658274570576599,110633.04152759517,106382.88355179667
2026-03-05,24765.900390625,2,-0.012737318930444,1,0.35844627,0.4481633,0.19339038,1,1.0,-0.012737318930444,-0.012737318930444,0.0,0.0,-0.012737318930444,109223.87319341314,105027.85083525714
2026-03-06,24450.44921875,2,-0.0172756923081839,2,0.2478917,0.29767692,0.45443133,2,1.0,-0.0172756923081839,-0.0172756923081839,0.0,0.0,-0.0172756923081839,107336.95516741564,103213.4220004374
2026-03-09,24028.05078125,1,0.0097198407915488,0,0.44401383,0.26182967,0.29415652,2,0.0,0.0097198407915488,0.0,1.0,0.001,-0.001,107229.61821224821,104216.64002983259
2026-03-10,24261.599609375,2,-0.0162705677430874,1,0.38408583,0.39939514,0.21651901,2,0.0,-0.0162705677430874,-0.0,0.0,0.0,-0.0,107229.61821224821,102520.97612827025
2026-03-11,23866.849609375,2,-0.0095403969303329,1,0.2584619,0.47117916,0.27035895,2,1.0,-0.0095403969303329,-0.0095403969303329,1.0,0.001,-0.010540396930332901,106099.37547360307,101542.88532232137
2026-03-12,23639.150390625,2,-0.0206458681122294,2,0.19470766,0.33759615,0.4676962,2,1.0,-0.0206458681122294,-0.0206458681122294,0.0,0.0,-0.0206458681122294,103908.86176078515,99446.44430422148
2026-03-13,23151.099609375,1,0.0111312713531173,2,0.24611439,0.28650182,0.4673838,2,0.0,0.0111312713531173,0.0,1.0,0.001,-0.001,103804.95289902436,100553.40966087444
2026-03-16,23408.80078125,1,0.0073625988356076,1,0.2372347,0.38626385,0.37650147,2,0.0,0.0073625988356076,0.0,0.0,0.0,0.0,103804.95289902436,101293.74407775997
2026-03-17,23581.150390625,1,0.0083393043752089,2,0.14382686,0.30116588,0.5550073,2,1.0,0.0083393043752089,0.0083393043752089,1.0,0.001,0.007339304375208899,104566.8090440045,102138.46344092894
2026-03-18,23777.80078125,2,-0.0326207792621695,1,0.1472058,0.46541607,0.38737813,2,0.0,-0.0326207792621695,-0.0,1.0,0.001,-0.001,104462.2422349605,98806.62717084521
2026-03-19,23002.150390625,0,0.0048843089653387,1,0.09422964,0.719747,0.18602335,1,1.0,0.0048843089653387,0.0048843089653387,1.0,0.001,0.0038843089653387,104868.00585901312,99289.22926577066
2026-03-20,23114.5,2,-0.0260377516007268,1,0.3078633,0.3817338,0.31040296,1,1.0,-0.0260377516007268,-0.0260377516007268,0.0,0.0,-0.0260377516007268,102137.47877159258,96703.96097752091
2026-03-23,22512.650390625,1,0.0177566831565274,0,0.5180135,0.31403846,0.16794805,1,1.0,0.0177566831565274,0.0177566831565274,0.0,0.0,0.0177566831565274,103951.10162054631,98421.10257257994
2026-03-24,22912.400390625,1,0.0171980596274072,1,0.40349197,0.40757436,0.18893372,1,1.0,0.0171980596274072,0.0171980596274072,0.0,0.0,0.0171980596274072,105738.85886455115,100113.75456321833
2026-03-25,23306.44921875,2,-0.0208890511293899,1,0.3257631,0.52174205,0.15249483,1,1.0,-0.0208890511293899,-0.0208890511293899,0.0,0.0,-0.0208890511293899,103530.07443536619,98022.47322539208
2026-03-27,22819.599609375,2,-0.0213938555937428,1,0.40089884,0.42378762,0.17531355,1,1.0,-0.0213938555937428,-0.0213938555937428,0.0,0.0,-0.0213938555937428,101315.16697328653,95925.39458826653
2026-03-30,22331.400390625,1,0.0155834382937352,1,0.30067924,0.4548123,0.24450846,1,1.0,0.0155834382937352,0.0155834382937352,0.0,0.0,0.0155834382937352,102894.00562603421,97420.24205563498
2026-04-01,22679.400390625,0,0.0014858954897207,1,0.10010769,0.7208694,0.17902288,1,1.0,0.0014858954897207,0.0014858954897207,0.0,0.0,0.0014858954897207,103046.89536491325,97564.99835391295
2026-04-02,22713.099609375,1,0.0112336226676734,2,0.35712117,0.28134072,0.36153817,1,1.0,0.0112336226676734,0.0112336226676734,0.0,0.0,0.0112336226676734,104204.48530451792,98661.00673099299
2026-04-06,22968.25,1,0.0067658785769486,1,0.31664735,0.5498283,0.13352437,1,0.0,0.0067658785769486,0.0,1.0,0.001,-0.001,104100.28081921338,99328.5351228144
2026-04-07,23123.650390625,1,0.0377837929561599,1,0.26643306,0.37157696,0.36198995,1,1.0,0.0377837929561599,0.0377837929561599,1.0,0.001,0.0367837929561599,107929.48399554542,103081.54392853349
2026-04-08,23997.349609375,2,-0.0092614394346771,1,0.3240312,0.3674098,0.30855897,1,1.0,-0.0092614394346771,-0.0092614394346771,0.0,0.0,-0.0092614394346771,106929.90161630473,102126.86045260637
2026-04-09,23775.099609375,1,0.0115877537645043,1,0.21909983,0.5141387,0.26676142,2,1.0,0.0115877537645043,0.0115877537645043,0.0,0.0,0.0115877537645043,108168.97898629717,103310.28136427308
2026-04-10,24050.599609375,2,-0.0086463215939506,1,0.31633365,0.49135908,0.19230734,0,1.0,-0.0086463215939506,-0.0086463215939506,0.0,0.0,-0.0086463215939506,107233.71520749234,102417.02744763604
2026-04-13,23842.650390625,1,0.0163006370624727,1,0.28352785,0.47288248,0.24358962,0,1.0,0.0163006370624727,0.0163006370624727,0.0,0.0,0.0163006370624727,108981.69307995024,104086.49024107726
2026-04-15,24231.30078125,0,-0.0014258739785333,0,0.3823023,0.36049908,0.2571986,0,1.0,-0.0014258739785333,-0.0014258739785333,0.0,0.0,-0.0014258739785333,108826.29891965103,103938.07602312564
2026-04-16,24196.75,1,0.0064802414063871,1,0.3335479,0.36232832,0.30412373,0,1.0,0.0064802414063871,0.0064802414063871,0.0,0.0,0.0064802414063871,109531.51960801402,104611.6198470709
2026-04-17,24353.55078125,0,0.0004639499277327,0,0.43147048,0.42570716,0.14282233,0,1.0,0.0004639499277327,0.0004639499277327,0.0,0.0,0.0004639499277327,109582.33674862061,104660.15440053896
2026-04-20,24364.849609375,1,0.0086907985641135,0,0.4452896,0.37450466,0.18020572,0,1.0,0.0086907985641135,0.0086907985641135,0.0,0.0,0.0086907985641135,110534.69476348774,105569.73472012306
2026-04-21,24576.599609375,2,-0.0080767886182383,0,0.6070052,0.30090982,0.092084974,0,1.0,-0.0080767886182383,-0.0080767886182383,0.0,0.0,-0.0080767886182383,109641.92939890156,104717.07028830513
2026-04-22,24378.099609375,2,-0.008411190019346,0,0.41230783,0.33476284,0.25292936,0,1.0,-0.008411190019346,-0.008411190019346,0.0,0.0,-0.008411190019346,108719.71029663969,103836.275111841
2026-04-23,24173.05078125,2,-0.0113805065396787,1,0.2231776,0.5193613,0.25746107,0,1.0,-0.0113805065396787,-0.0113805065396787,0.0,0.0,-0.0113805065396787,107482.42492261682,102654.56570387482
2026-04-24,23897.94921875,1,0.0081492348241831,2,0.2149204,0.27883464,0.5062449,0,1.0,0.0081492348241831,0.0081492348241831,0.0,0.0,0.0081492348241831,108358.32444278387,103491.12186557024
2026-04-27,24092.69921875,0,-0.0040261159249649,0,0.3806536,0.33646965,0.2828767,0,0.0,-0.0040261159249649,-0.0,1.0,0.001,-0.001,108249.96611834108,103074.45461173476
2026-04-28,23995.69921875,1,0.007582657634449,2,0.3640336,0.23831856,0.39764786,0,0.0,0.007582657634449,0.0,0.0,0.0,0.0,108249.96611834108,103856.03291191312
2026-04-29,24177.650390625,2,-0.0074490120613553,0,0.52286094,0.27864358,0.19849545,0,0.0,-0.0074490120613553,-0.0,0.0,0.0,-0.0,108249.96611834108,103082.40807010778
2026-04-30,23997.55078125,1,0.0050734344146123,1,0.2227905,0.4757264,0.30148306,0,0.0,0.0050734344146123,0.0,0.0,0.0,0.0,108249.96611834108,103605.38990675179
2026-05-04,24119.30078125,0,-0.0035863394542201,1,0.3761598,0.40460354,0.2192367,2,1.0,-0.0035863394542201,-0.0035863394542201,1.0,0.001,-0.0045863394542201,107753.49502781456,103233.82580925935
2026-05-05,24032.80078125,1,0.0124058964335362,2,0.35083586,0.22571146,0.42345262,2,1.0,0.0124058964335362,0.0124058964335362,0.0,0.0,0.0124058964335362,109090.2737274812,104514.53396068675
2026-05-06,24330.94921875,0,-0.000176681480297,0,0.42934644,0.21859667,0.35205686,2,0.0,-0.000176681480297,-0.0,1.0,0.001,-0.001,108981.18345375372,104496.06817811403
2026-05-07,24326.650390625,2,-0.0061866306122441,0,0.45907262,0.2195917,0.32133564,2,0.0,-0.0061866306122441,-0.0,0.0,0.0,-0.0,108981.18345375372,103849.58960386417
2026-05-08,24176.150390625,2,-0.0149031494025498,0,0.56389374,0.28974056,0.14636576,2,0.0,-0.0149031494025498,-0.0,0.0,0.0,-0.0,108981.18345375372,102301.90365460429
2026-05-11,23815.849609375,2,-0.0183196835418901,0,0.3634562,0.32352978,0.31301406,2,0.0,-0.0183196835418901,-0.0,0.0,0.0,-0.0,108981.18345375372,100427.76515391903
2026-05-12,23379.55078125,0,0.0014135784059419,0,0.4220915,0.35791063,0.2199979,2,0.0,0.0014135784059419,0.0,0.0,0.0,0.0,108981.18345375372,100569.72767409762
2026-05-13,23412.599609375,1,0.0118312363693726,0,0.50018746,0.2505841,0.24922849,2,0.0,0.0118312363693726,0.0,0.0,0.0,0.0,108981.18345375372,101759.59189381331
2026-05-14,23689.599609375,0,-0.0019459851637491,0,0.60195154,0.17838956,0.2196589,2,0.0,-0.0019459851637491,-0.0,0.0,0.0,-0.0,108981.18345375372,101561.5692377188
2026-05-15,23643.5,0,0.0002727692071817,0,0.6779106,0.16885939,0.15322995,2,0.0,0.0002727692071817,0.0,0.0,0.0,0.0,108981.18345375372,101589.27210643991
2026-05-18,23649.94921875,0,-0.0013509212410769,0,0.64548934,0.16273996,0.19177069,2,0.0,-0.0013509212410769,-0.0,0.0,0.0,-0.0,108981.18345375372,101452.03300088577
2026-05-19,23618.0,0,0.0017359640951817,0,0.6362185,0.12737797,0.23640355,2,0.0,0.0017359640951817,0.0,0.0,0.0,0.0,108981.18345375372,101628.1500875585
2026-05-20,23659.0,0,-0.0001817820385476,0,0.6684451,0.18997532,0.14157958,2,0.0,-0.0001817820385476,-0.0,0.0,0.0,-0.0,108981.18345375372,101609.67591526176
2026-05-21,23654.69921875,0,0.0027310244743588,0,0.6926415,0.12806086,0.17929767,2,0.0,0.0027310244743588,0.0,0.0,0.0,0.0,108981.18345375372,101887.174427018
2026-05-22,23719.30078125,1,0.0131706427765758,0,0.5934059,0.21689637,0.18969774,2,0.0,0.0131706427765758,0.0,0.0,0.0,0.0,108981.18345375372,103229.09400491093
2026-05-25,24031.69921875,0,-0.0049101812953756,0,0.7142291,0.118079595,0.16769128,2,0.0,-0.0049101812953756,-0.0,0.0,0.0,-0.0,108981.18345375372,102722.22043838946
2026-05-26,23913.69921875,0,-0.0002738525756761,0,0.41212237,0.22656764,0.36130998,2,0.0,-0.0002738525756761,-0.0,0.0,0.0,-0.0,108981.18345375372,102694.08969374323
2026-05-27,23907.150390625,2,-0.0150331756295779,0,0.55038077,0.23268828,0.21693094,2,0.0,-0.0150331756295779,-0.0,0.0,0.0,-0.0,108981.18345375372,101150.27140725756
2026-05-29,23547.75,2,-0.0070134255130532,0,0.4812722,0.40750808,0.11121972,2,0.0,-0.0070134255130532,-0.0,0.0,0.0,-0.0,108981.18345375372,100440.86151311763
2026-06-01,23382.599609375,0,0.0043173630631951,0,0.7018202,0.13271041,0.16546942,2,0.0,0.0043173630631951,0.0,0.0,0.0,0.0,108981.18345375372,100874.5011786499
2026-06-02,23483.55078125,0,-0.0033193946094914,0,0.6943661,0.13013054,0.17550336,2,0.0,-0.0033193946094914,-0.0,0.0,0.0,-0.0,108981.18345375372,100539.65890320236
2026-06-03,23405.599609375,0,0.0004678868329701,0,0.6036535,0.1618362,0.2345103,2,0.0,0.0004678868329701,0.0,0.0,0.0,0.0,108981.18345375372,100586.70008579447
2026-06-04,23416.55078125,0,-0.0021289028843615,0,0.6533828,0.1632586,0.18335861,2,0.0,-0.0021289028843615,-0.0,0.0,0.0,-0.0,108981.18345375372,100372.56076985341
2026-06-05,23366.69921875,2,-0.0104293386271027,0,0.6346903,0.15677717,0.20853254,2,0.0,-0.0104293386271027,-0.0,0.0,0.0,-0.0,108981.18345375372,99325.74134471516
2026-06-08,23123.0,1,0.0051506988442242,0,0.50828326,0.22989073,0.26182607,2,0.0,0.0051506988442242,0.0,0.0,0.0,0.0,108981.18345375372,99837.33832586111
2026-06-09,23242.099609375,0,-0.0011681556778996,0,0.7650707,0.13307191,0.101857424,2,0.0,-0.0011681556778996,-0.0,0.0,0.0,-0.0,108981.18345375372,99720.71277222937
2026-06-10,23214.94921875,0,-0.0022980713363744,0,0.56478715,0.20328061,0.23193222,2,0.0,-0.0022980713363744,-0.0,0.0,0.0,-0.0,108981.18345375372,99491.54746056469
2026-06-11,23161.599609375,1,0.0199166201397973,0,0.65675867,0.15302698,0.1902144,2,0.0,0.0199166201397973,0.0,0.0,0.0,0.0,108981.18345375372,101473.08281845738
2026-06-12,23622.900390625,1,0.0097786468291451,0,0.69060767,0.115198486,0.1941939,2,0.0,0.0097786468291451,0.0,0.0,0.0,0.0,108981.18345375372,102465.35225800367
2026-06-15,23853.900390625,1,0.0056699322871809,0,0.71676505,0.1766798,0.10655515,2,0.0,0.0056699322871809,0.0,0.0,0.0,0.0,108981.18345375372,103046.32386708868
2026-06-16,23989.150390625,0,0.004024687267071,0,0.5290651,0.33056995,0.14036496,2,0.0,0.004024687267071,0.0,0.0,0.0,0.0,108981.18345375372,103461.05309467502
2026-06-17,24085.69921875,0,0.0034169978003351,0,0.5925651,0.17728771,0.23014714,2,0.0,0.0034169978003351,0.0,0.0,0.0,0.0,108981.18345375372,103814.57928551987
2026-06-18,24168.0,2,-0.0064093177186775,0,0.6390744,0.1914973,0.16942832,2,0.0,-0.0064093177186775,-0.0,0.0,0.0,-0.0,108981.18345375372,103149.19866304814
2026-06-19,24013.099609375,0,0.003739658049598,0,0.44346341,0.2541428,0.30239376,2,0.0,0.003739658049598,0.0,0.0,0.0,0.0,108981.18345375372,103534.94139413802
2026-06-22,24102.900390625,2,-0.0115671050675063,0,0.7103449,0.14654145,0.14311364,2,0.0,-0.0115671050675063,-0.0,0.0,0.0,-0.0,108981.18345375372,102337.34184887391
2026-06-23,23824.099609375,1,0.0082920565515207,2,0.30089146,0.25578618,0.44332236,2,0.0,0.0082920565515207,0.0,0.0,0.0,0.0,108981.18345375372,103185.92887481708
2026-06-24,24021.650390625,0,0.00142994377224,0,0.6120377,0.14261013,0.24535215,2,0.0,0.00142994377224,0.0,0.0,0.0,0.0,108981.18345375372,103333.47895119443
2026-06-25,24056.0,0,-0.0045622713668107,0,0.5619355,0.20712042,0.23094404,2,0.0,-0.0045622713668107,-0.0,0.0,0.0,-0.0,108981.18345375372,102862.04357894244
2026-06-29,23946.25,0,-0.0033616954637991,0,0.419795,0.2926833,0.2875217,1,0.0,-0.0033616954637991,-0.0,0.0,0.0,-0.0,108981.18345375372,102516.25271364601
2026-06-30,23865.75,1,0.0058703208311072,0,0.5783009,0.16617736,0.25552174,1,0.0,0.0058703208311072,0.0,0.0,0.0,0.0,108981.18345375372,103118.056007478
2026-07-01,24005.849609375,1,0.0070753425577017,0,0.6286269,0.21684146,0.15453167,1,0.0,0.0070753425577017,0.0,0.0,0.0,0.0,108981.18345375372,103847.65157761518
2026-07-02,24175.69921875,0,0.0039357865004874,0,0.5525289,0.20738074,0.2400903,1,0.0,0.0039357865004874,0.0,0.0,0.0,0.0,108981.18345375372,104256.37376280168
2026-07-03,24270.849609375,1,0.0065716694127753,0,0.63357323,0.15343368,0.21299307,1,0.0,0.0065716694127753,0.0,0.0,0.0,0.0,108981.18345375372,104941.51218534555
2026-07-06,24430.349609375,0,-0.0012955357222089,0,0.5882549,0.15289918,0.2588459,1,0.0,-0.0012955357222089,-0.0,0.0,0.0,-0.0,108981.18345375372,104805.55670756682
2026-07-07,24398.69921875,2,-0.0211752451582731,0,0.46397445,0.19955507,0.33647048,1,0.0,-0.0211752451582731,-0.0,0.0,0.0,-0.0,108981.18345375372,102586.27335033478
2026-07-08,23882.05078125,0,0.0033812004144717,0,0.4311727,0.21955806,0.3492692,2,0.0,0.0033812004144717,0.0,0.0,0.0,0.0,108981.18345375372,102933.13810030607
2026-07-09,23962.80078125,1,0.010186605964942,0,0.6357693,0.1438532,0.22037746,2,0.0,0.010186605964942,0.0,0.0,0.0,0.0,108981.18345375372,103981.67741886883
2026-07-10,24206.900390625,0,0.0001693570555851,0,0.73970646,0.16753845,0.09275507,2,0.0,0.0001693570555851,0.0,0.0,0.0,0.0,108981.18345375372,103999.2874495913
2026-07-13,24211.0,2,-0.0065651653690471,0,0.49788946,0.2406928,0.26141775,0,0.0,-0.0065651653690471,-0.0,0.0,0.0,-0.0,108981.18345375372,103316.51492922167
2026-07-14,24052.05078125,0,0.0010996658451518,0,0.50177866,0.23395112,0.26427022,0,0.0,0.0010996658451518,0.0,0.0,0.0,0.0,108981.18345375372,103430.12857192945
2026-07-15,24078.5,0,-0.0002388022509708,0,0.50560665,0.24655038,0.24784294,0,0.0,-0.0002388022509708,-0.0,0.0,0.0,-0.0,108981.18345375372,103405.42922440828
2026-07-16,24072.75,1,0.010865014643113,0,0.57909644,0.16396172,0.2569418,0,0.0,0.010865014643113,0.0,0.0,0.0,0.0,108981.18345375372,104528.93072710888
2026-07-17,24334.30078125,0,-0.0039368618852535,0,0.5159191,0.39963675,0.08444412,0,0.0,-0.0039368618852535,-0.0,0.0,0.0,-0.0,108981.18345375372,104117.414763823
2026-07-20,24238.5,0,-0.0020958714957608,0,0.49103573,0.24911863,0.25984567,0,0.0,-0.0020958714957608,-0.0,0.0,0.0,-0.0,108981.18345375372,103899.1980420072
2026-07-21,24187.69921875,2,-0.0079151479856997,0,0.5210532,0.22469705,0.2542498,0,0.0,-0.0079151479856997,-0.0,0.0,0.0,-0.0,108981.18345375372,103076.82051390919
2026-07-22,23996.25,2,-0.0052779242850445,0,0.41854778,0.31104067,0.27041152,0,0.0,-0.0052779242850445,-0.0,0.0,0.0,-0.0,108981.18345375372,102532.78885969365
2026-07-23,23869.599609375,0,-0.0042795183956449,0,0.44741243,0.15474491,0.3978427,0,0.0,-0.0042795183956449,-0.0,0.0,0.0,-0.0,108981.18345375372,102093.99790361182
2026-07-24,23767.44921875,1,0.0096139891957669,0,0.3941581,0.3533159,0.25252607,0,0.0,0.0096139891957669,0.0,0.0,0.0,0.0,108981.18345375372,103075.5284964098
2026-07-27,23995.94921875,0,-0.0004417249460887,0,0.6862698,0.22481082,0.08891936,0,0.0,-0.0004417249460887,-0.0,0.0,0.0,-0.0,108981.18345375372,103029.99746414165
2026-07-28,23985.349609375,1,0.0110421408771743,0,0.5761338,0.19842651,0.22543973,0,0.0,0.0110421408771743,0.0,0.0,0.0,0.0,108981.18345375372,104167.66921071563
2026-07-29,24250.19921875,0,0.0027608503860552,0,0.6899289,0.13924997,0.17082113,0,0.0,0.0027608503860552,0.0,0.0,0.0,0.0,108981.18345375372,104455.2605604705
2026-07-30,24317.150390625,0,0.0027326071386892,0,0.6084246,0.18091688,0.21065854,0,0.0,0.0027326071386892,0.0,0.0,0.0,0.0,108981.18345375372,104740.69575115168
2026-07-31,24383.599609375,1,0.0160231129994761,0,0.5205966,0.1764515,0.3029518,0,0.0,0.0160231129994761,0.0,0.0,0.0,0.0,108981.18345375372,106418.96775481614
2026-08-03,24774.30078125,2,-0.0064341025013161,0,0.7435612,0.116126165,0.14031261,0,0.0,-0.0064341025013161,-0.0,0.0,0.0,-0.0,108981.18345375372,105734.2572081974
2026-08-04,24614.900390625,0,0.0003961015419633,0,0.5901738,0.18436508,0.22546116,0,0.0,0.0003961015419633,0.0,0.0,0.0,0.0,108981.18345375372,105776.13871051592
2026-08-05,24624.650390625,0,0.0004609043862535,0,0.59316796,0.20962037,0.19721167,2,0.0,0.0004609043862535,0.0,0.0,0.0,0.0,108981.18345375372,105824.89139680857
2026-08-06,24636.0,0,-0.0026526063230638,0,0.55645907,0.19846766,0.24507326,1,0.0,-0.0026526063230638,-0.0,0.0,0.0,-0.0,108981.18345375372,105544.17962075185
2026-08-07,24570.650390625,0,0.0005352072662276,0,0.6300526,0.1656834,0.20426397,1,0.0,0.0005352072662276,0.0,0.0,0.0,0.0,108981.18345375372,105600.6676325929
2026-08-10,24583.80078125,0,-0.004559976852135,0,0.557649,0.25348708,0.1888639,1,0.0,-0.004559976852135,-0.0,0.0,0.0,-0.0,108981.18345375372,105119.13103261827
2026-08-11,24471.69921875,0,-0.0014608711753293,0,0.433524,0.24632606,0.32015,1,0.0,-0.0014608711753293,-0.0,0.0,0.0,-0.0,108981.18345375372,104965.56552411705
2026-08-12,24435.94921875,0,-0.0016410088683697,0,0.5893,0.17173809,0.23896195,1,0.0,-0.0016410088683697,-0.0,0.0,0.0,-0.0,108981.18345375372,104793.31610021854
2026-08-13,24395.849609375,0,-0.0012235527703666,0,0.685148,0.13593619,0.17891586,1,0.0,-0.0012235527703666,-0.0,0.0,0.0,-0.0,108981.18345375372,104665.0959479882
2026-08-14,24366.0,0,-0.003215530221415,0,0.5219699,0.16573516,0.31229487,1,0.0,-0.003215530221415,-0.0,0.0,0.0,-0.0,108981.18345375372,104328.54216884015
2026-08-17,24287.650390625,2,-0.0054657407309864,0,0.50995195,0.20651673,0.2835313,1,0.0,-0.0054657407309864,-0.0,0.0,0.0,-0.0,108981.18345375372,103758.3094065035
2026-08-18,24154.900390625,0,-0.0046574400300016,0,0.5281868,0.19590734,0.27590585,1,0.0,-0.0046574400300016,-0.0,0.0,0.0,-0.0,108981.18345375372,103275.06130282837
