Date,Close,Actual,Future_Return,Prediction,HOLD_Probability,BUY_Probability,SELL_Probability,Regime
2024-06-10,23259.19921875,0,0.0002429314342191624,0,0.44157782,0.38841704,0.1700051,0
2024-06-11,23264.849609375,0,0.002497312914139238,0,0.63740575,0.14463021,0.21796398,0
2024-06-12,23322.94921875,0,0.0032564994745150067,0,0.798244,0.096402004,0.10535397,0
2024-06-13,23398.900390625,0,0.0028505279152657437,0,0.89637125,0.055134043,0.0484947,0
2024-06-14,23465.599609375,0,0.003933450786960613,0,0.84005547,0.08913178,0.07081282,0
2024-06-18,23557.900390625,0,-0.0017786131162043084,0,0.8883541,0.03884627,0.07279961,0
2024-06-19,23516.0,0,0.0021687361796223215,0,0.77391,0.06298862,0.16310135,0
2024-06-20,23567.0,0,-0.00279629951309035,0,0.90254754,0.051113054,0.046339378,0
2024-06-21,23501.099609375,0,0.00156375661610908,0,0.62868625,0.13766219,0.23365156,0
2024-06-24,23537.849609375,1,0.007793879853915442,0,0.9000452,0.0735007,0.026454052,0
2024-06-25,23721.30078125,1,0.006218040121837909,0,0.8843257,0.041606754,0.07406757,0
2024-06-26,23868.80078125,1,0.007361040898544724,0,0.87827206,0.08840044,0.033327483,2
2024-06-27,24044.5,0,-0.0014099020825968367,0,0.6687947,0.2566545,0.07455087,1
2024-06-28,24010.599609375,1,0.005470484349075377,0,0.6757641,0.2262851,0.097950876,1
2024-07-01,24141.94921875,1,0.00663580104586492,1,0.27158195,0.7078546,0.02056347,1
2024-07-05,24323.849609375,0,-0.00013562113637344275,1,0.3839571,0.4064219,0.20962106,0
2024-07-08,24320.55078125,0,0.004631820986013446,0,0.40386292,0.37111017,0.22502685,0
2024-07-09,24433.19921875,0,-0.004450911197766749,0,0.7002498,0.18530601,0.11444423,0
2024-07-10,24324.44921875,0,-0.0003494426502141934,0,0.6031742,0.108782426,0.28804335,0
2024-07-11,24315.94921875,1,0.007657573644356042,0,0.75383854,0.1438457,0.10231579,0
2024-07-12,24502.150390625,0,0.003450669707641296,0,0.7777327,0.1439086,0.07835873,0
2024-07-15,24586.69921875,0,0.0010697158254551198,0,0.7999867,0.13723916,0.06277407,0
2024-07-16,24613.0,1,0.007632129743428306,0,0.74603117,0.18904178,0.06492708,0
2024-07-18,24800.849609375,2,-0.010884676251089243,0,0.77015215,0.16367029,0.06617757,0
2024-07-19,24530.900390625,0,-0.0008825762723847497,0,0.5104938,0.24403815,0.245468,0
2024-07-22,24509.25,0,-0.0012321559717249908,0,0.6839231,0.24302804,0.073048845,0
2024-07-23,24479.05078125,0,-0.002677831825905974,0,0.82183766,0.11028812,0.067874216,0
2024-07-24,24413.5,0,-0.0003031269840456652,0,0.7517176,0.15138431,0.09689808,0
2024-07-25,24406.099609375,1,0.01756732976027453,0,0.85026956,0.086353496,0.06337699,0
2024-07-26,24834.849609375,0,5.03324972633834e-05,1,0.4002496,0.48742342,0.11232699,0
2024-07-29,24836.099609375,0,0.0008536433743000504,0,0.54282105,0.33170635,0.12547264,2
2024-07-30,24857.30078125,0,0.00377553501085659,0,0.7765414,0.13167563,0.09178295,1
2024-07-31,24951.150390625,0,0.0023946791656728195,0,0.8369347,0.09750999,0.065555386,1
2024-08-01,25010.900390625,2,-0.011722935491954689,0,0.8521353,0.092673965,0.0551908,1
2024-08-02,24717.69921875,2,-0.02678645789462286,0,0.61526215,0.21377908,0.17095873,1
2024-08-05,24055.599609375,0,-0.0026209626510589334,1,0.11230839,0.82560456,0.062087063,2
2024-08-06,23992.55078125,1,0.012710162480444431,1,0.32230628,0.5936478,0.08404593,2
2024-08-07,24297.5,2,-0.007428747813561065,1,0.2502197,0.47301847,0.27676183,2
2024-08-08,24117.0,1,0.010386864037815746,1,0.40372187,0.46958598,0.12669213,2
2024-08-09,24367.5,0,-0.0008412844977941925,1,0.17070752,0.4993482,0.32994425,2
2024-08-12,24347.0,2,-0.008543146999630324,0,0.5274367,0.3818441,0.09071918,2
2024-08-13,24139.0,0,0.00019677699987563635,0,0.36805257,0.34711918,0.28482822,2
2024-08-14,24143.75,1,0.016459762490292462,0,0.41055945,0.3157957,0.27364483,2
2024-08-16,24541.150390625,0,0.0012835584110202358,2,0.29814878,0.2514537,0.45039758,2
2024-08-19,24572.650390625,1,0.005135759339910173,0,0.42051148,0.38516453,0.19432396,2
2024-08-20,24698.849609375,0,0.0028887826964991703,0,0.54801416,0.34625763,0.10572822,2
2024-08-21,24770.19921875,0,0.001667357653657442,0,0.6002529,0.2386395,0.16110757,2
2024-08-22,24811.5,0,0.00046955607782672715,0,0.5068287,0.2971103,0.19606099,2
2024-08-23,24823.150390625,1,0.007551387144671073,0,0.5400988,0.31599215,0.14390904,2
2024-08-26,25010.599609375,0,0.0002858944102370753,0,0.5927476,0.118692644,0.2885597,2
2024-08-27,25017.75,0,0.0013830024432652799,0,0.52664775,0.30095118,0.17240109,1
2024-08-28,25052.349609375,0,0.00397565940632294,0,0.6884895,0.22479713,0.08671339,2
2024-08-29,25151.94921875,0,0.003337760073577778,0,0.8497697,0.08487974,0.06535055,1
2024-08-30,25235.900390625,0,0.001695950113232314,0,0.8964979,0.0636272,0.03987491,2
2024-09-02,25278.69921875,0,4.550829989491412e-05,0,0.8122054,0.15044284,0.037351824,1
2024-09-03,25279.849609375,0,-0.0032100820170585243,0,0.7847566,0.08032026,0.13492312,2
2024-09-04,25198.69921875,0,-0.0021270784221717465,0,0.5996309,0.039495233,0.36087388,1
2024-09-05,25145.099609375,2,-0.011650350298901935,0,0.8074775,0.08504513,0.10747738,2
2024-09-06,24852.150390625,0,0.003390048695012693,2,0.45635647,0.05597083,0.4876727,1
2024-09-09,24936.400390625,0,0.0041986500501236534,0,0.8251123,0.08607439,0.08881331,2
2024-09-10,25041.099609375,0,-0.004897963449619458,0,0.8600266,0.040644582,0.09932886,1
2024-09-11,24918.44921875,1,0.01887963282727112,0,0.88375854,0.03342087,0.08282061,2
2024-09-12,25388.900390625,0,-0.0012761636040355961,0,0.901878,0.052020896,0.046101116,1
2024-09-13,25356.5,0,0.0010746751326089488,0,0.81651247,0.10085232,0.082635276,2
2024-09-16,25383.75,0,0.0013709866056039743,0,0.7757466,0.133571,0.09068238,1
2024-09-17,25418.55078125,0,-0.0016129951842196455,0,0.77089745,0.058087874,0.17101464,2
2024-09-18,25377.55078125,0,0.0015072376499098983,0,0.875697,0.062529735,0.0617733,1
2024-09-19,25415.80078125,1,0.014760441377741573,0,0.8759609,0.054484785,0.06955431,2
2024-09-20,25790.94921875,1,0.005742385099666292,0,0.83453274,0.14274144,0.022725778,1
2024-09-23,25939.05078125,0,5.2030021699067674e-05,0,0.8305986,0.14934559,0.020055776,2
2024-09-24,25940.400390625,0,0.0024575565157058943,0,0.5522441,0.38720986,0.06054596,1
2024-09-25,26004.150390625,1,0.008148714241454025,0,0.9166551,0.046424,0.03692084,1
2024-09-26,26216.05078125,0,-0.0014152231703233875,0,0.7273478,0.24189958,0.030752629,1
2024-09-27,26178.94921875,2,-0.014060900852023384,0,0.85922056,0.09499088,0.045788627,1
2024-09-30,25810.849609375,0,-0.0005404401234794243,0,0.63789916,0.19838598,0.16371484,2
2024-10-01,25796.900390625,2,-0.021196375260987388,0,0.66865546,0.22217463,0.1091699,2
2024-10-03,25250.099609375,2,-0.009326695880144675,1,0.34151548,0.44621414,0.21227033,2
2024-10-04,25014.599609375,2,-0.008748875168602677,2,0.3187958,0.30602625,0.3751779,2
2024-10-07,24795.75,1,0.00876764730346924,2,0.16574767,0.23651075,0.59774154,2
2024-10-08,25013.150390625,0,-0.0012473907279866303,1,0.30721626,0.3943871,0.29839665,2
2024-10-09,24981.94921875,0,0.0006604768849507447,2,0.1969127,0.30779642,0.49529088,2
2024-10-10,24998.44921875,0,-0.0013680536120755926,1,0.30355468,0.37982878,0.3166165,2
2024-10-11,24964.25,1,0.006557345754428789,0,0.5686411,0.27942878,0.15193011,2
2024-10-14,25127.94921875,0,-0.0028096049048969007,0,0.58250386,0.33570212,0.081793964,2
2024-10-15,25057.349609375,0,-0.0034340754096676696,0,0.41080627,0.33945245,0.24974123,2
2024-10-16,24971.30078125,2,-0.008868227322834543,0,0.5598763,0.34006158,0.100062065,2
2024-10-17,24749.849609375,0,0.004210173941240125,1,0.419467,0.43973365,0.14079936,2
2024-10-18,24854.05078125,0,-0.00293518237799828,0,0.75532633,0.15175827,0.09291538,2
2024-10-21,24781.099609375,2,-0.012469180337869368,1,0.39082897,0.46841243,0.14075856,2
2024-10-22,24472.099609375,0,-0.001495564743491773,0,0.59414643,0.21317257,0.19268101,2
2024-10-23,24435.5,0,-0.0014773427748562273,0,0.6941459,0.18159401,0.12426004,1
2024-10-24,24399.400390625,2,-0.008959220549493163,0,0.7707596,0.17765965,0.05158076,2
2024-10-25,24180.80078125,1,0.0065485676346082045,0,0.4894024,0.19869083,0.31190675,1
2024-10-28,24339.150390625,1,0.0052466588480091225,0,0.43052384,0.24378829,0.3256879,2
2024-10-29,24466.849609375,2,-0.005149825253829232,0,0.6485965,0.26596078,0.08544269,1
2024-10-30,24340.849609375,2,-0.005566773640794054,1,0.3149111,0.37225896,0.3128299,2
2024-10-31,24205.349609375,0,0.004090004961616156,2,0.31299964,0.27662498,0.4103754,1
2024-11-01,24304.349609375,2,-0.0127137736646451,1,0.37525526,0.3779095,0.24683523,2
2024-11-04,23995.349609375,1,0.00908305881860727,1,0.27825242,0.50346106,0.2182865,1
2024-11-05,24213.30078125,1,0.011181870759630508,1,0.3752997,0.413374,0.21132632,2
2024-11-06,24484.05078125,2,-0.011628025706147627,1,0.30481926,0.56343406,0.13174666,1
2024-11-07,24199.349609375,0,-0.002113709312467793,0,0.4498355,0.3556806,0.19448385,2
2024-11-08,24148.19921875,0,-0.00028567088740283353,0,0.58691514,0.25904438,0.15404049,1
2024-11-11,24141.30078125,2,-0.010680930776533315,1,0.391295,0.42383772,0.18486726,2
2024-11-12,23883.44921875,2,-0.013582562322921432,0,0.5955538,0.24868935,0.15575679,1
2024-11-13,23559.05078125,0,-0.0011185324376894457,1,0.39272794,0.41480696,0.19246511,2
2024-11-14,23532.69921875,0,-0.0033527151631265184,0,0.39248866,0.37414676,0.23336461,1
2024-11-18,23453.80078125,0,0.002758581406631766,0,0.6487976,0.20058727,0.15061519,2
2024-11-19,23518.5,2,-0.007168807933116472,0,0.7483153,0.12023387,0.13145085,1
2024-11-21,23349.900390625,1,0.023869464111237804,1,0.4519609,0.46525478,0.08278438,2
2024-11-22,23907.25,1,0.013161295867362366,0,0.5030131,0.2013005,0.2956864,2
2024-11-25,24221.900390625,0,-0.0011312238174179257,1,0.22884825,0.6891385,0.08201324,2
2024-11-26,24194.5,0,0.003323085437806128,1,0.23387876,0.6550722,0.11104899,2
2024-11-27,24274.900390625,2,-0.014861029054492936,0,0.6123627,0.3137849,0.07385243,2
2024-11-28,23914.150390625,1,0.009072001940535257,1,0.38609105,0.47620472,0.13770421,2
2024-11-29,24131.099609375,1,0.006006820004948565,1,0.28602627,0.6873634,0.026610382,2
2024-12-02,24276.05078125,1,0.007460011144599932,1,0.256731,0.68525034,0.058018617,2
2024-12-03,24457.150390625,0,0.00042109681465385407,0,0.45142442,0.3835443,0.16503131,2
2024-12-04,24467.44921875,1,0.009847825562885104,1,0.30201098,0.57716393,0.120825045,2
2024-12-05,24708.400390625,0,-0.0012384293961259507,1,0.3519942,0.5955313,0.052474566,2
2024-12-06,24677.80078125,0,-0.0023827399277279726,1,0.2992288,0.64411765,0.056653623,2
2024-12-09,24619.0,0,-0.0003635086213900074,0,0.63012934,0.25087488,0.11899582,2
2024-12-10,24610.05078125,0,0.0012901233029631864,0,0.5396892,0.36507738,0.09523342,2
2024-12-11,24641.80078125,0,-0.003778196379659149,0,0.51341194,0.38189074,0.10469733,2
2024-12-12,24548.69921875,1,0.008945547808588916,0,0.80006033,0.11601492,0.0839247,2
2024-12-13,24768.30078125,0,-0.004039468921733236,0,0.814437,0.11979158,0.06577142,2
2024-12-16,24668.25,2,-0.013468730047733413,0,0.6054569,0.33764505,0.056898054,2
2024-12-17,24336.0,2,-0.005635699812006956,0,0.479204,0.39802736,0.12276865,2
2024-12-18,24198.849609375,2,-0.010213311567061067,0,0.6331404,0.18880749,0.17805213,2
2024-12-19,23951.69921875,2,-0.01520556915080562,0,0.46219957,0.1748514,0.36294898,2
2024-12-20,23587.5,1,0.0070354729729729115,1,0.1724526,0.5258642,0.30168322,2
2024-12-23,23753.44921875,0,-0.0010861087115143775,2,0.33465374,0.31836724,0.34697905,2
2024-12-24,23727.650390625,0,0.0009503186263191132,0,0.5590646,0.18196785,0.2589675,2
2024-12-26,23750.19921875,0,0.002661079652128029,0,0.47566456,0.35085723,0.1734782,2
2024-12-27,23813.400390625,2,-0.007075847935867907,0,0.5427705,0.25338608,0.20384346,2
2024-12-30,23644.900390625,0,-4.212721278373799e-06,1,0.12733659,0.84874094,0.023922456,2
2024-12-31,23644.80078125,0,0.004148887118253564,0,0.4918245,0.24642067,0.26175484,2
2025-01-01,23742.900390625,1,0.018774033191665485,0,0.6020865,0.24085616,0.15705736,2
2025-01-02,24188.650390625,2,-0.007602755327609123,0,0.556177,0.33356184,0.110261165,2
2025-01-03,24004.75,2,-0.016192595996625703,0,0.54542184,0.3090984,0.14547977,2
2025-01-06,23616.05078125,0,0.0038892874268343647,0,0.43460116,0.39807597,0.16732287,2
2025-01-07,23707.900390625,0,-0.0007993610384197103,0,0.50972253,0.2858128,0.20446463,2
2025-01-08,23688.94921875,2,-0.006857594959147506,0,0.6106392,0.21460074,0.17476004,2
2025-01-09,23526.5,0,-0.004037999702463213,0,0.48164287,0.37379622,0.14456087,2
2025-01-10,23431.5,2,-0.014747275302477436,0,0.6045849,0.1792602,0.21615495,2
2025-01-13,23085.94921875,0,0.003902874499386977,2,0.33538032,0.29480526,0.36981446,2
2025-01-14,23176.05078125,0,0.0016028803979861728,0,0.56720185,0.17790598,0.25489214,2
2025-01-15,23213.19921875,0,0.004247650725383689,0,0.42796588,0.2456263,0.32640782,2
2025-01-16,23311.80078125,0,-0.004658651792672774,0,0.565494,0.21806343,0.21644254,2
2025-01-17,23203.19921875,1,0.006100485537167577,0,0.55539507,0.26468778,0.17991716,2
2025-01-20,23344.75,2,-0.013711845677293555,0,0.6405907,0.17711854,0.18229075,1
2025-01-21,23024.650390625,1,0.0056764909144164655,0,0.46907008,0.23759376,0.29333615,2
2025-01-22,23155.349609375,0,0.0021593282262408753,0,0.4145048,0.39207584,0.1934194,1
2025-01-23,23205.349609375,0,-0.004876047658393667,0,0.44891515,0.3348917,0.21619312,2
2025-01-24,23092.19921875,2,-0.011391241935562957,0,0.4702377,0.38947818,0.14028414,1
2025-01-27,22829.150390625,1,0.005611229817278129,0,0.45163423,0.23327303,0.3150927,2
2025-01-28,22957.25,1,0.008966649288351114,0,0.52075016,0.29843768,0.18081217,1
2025-01-29,23163.099609375,0,0.003730087599762788,1,0.20474118,0.7568534,0.03840544,2
2025-01-30,23249.5,1,0.011135740150325812,1,0.266836,0.59177727,0.14138675,1
2025-01-31,23508.400390625,0,-0.0011166221250199504,1,0.3530315,0.52807266,0.11889582,2
2025-02-01,23482.150390625,2,-0.005157091976693451,0,0.48596194,0.23445764,0.27958044,1
2025-02-03,23361.05078125,1,0.016189306820631133,1,0.30861852,0.38391253,0.30746892,2
2025-02-04,23739.25,0,-0.001809207062143936,0,0.5425371,0.15650703,0.3009559,1
2025-02-05,23696.30078125,0,-0.003922602634608197,0,0.54231477,0.21660136,0.24108389,2
2025-02-06,23603.349609375,0,-0.0018387386257991967,0,0.42090377,0.22917067,0.34992555,1
2025-02-07,23559.94921875,2,-0.007570033692307909,0,0.4216893,0.31130406,0.26700667,2
2025-02-10,23381.599609375,2,-0.013249684936046169,0,0.44398317,0.40173003,0.15428685,1
2025-02-11,23071.80078125,0,-0.0011507892904301098,2,0.25582004,0.30831802,0.43586192,2
2025-02-12,23045.25,0,-0.0006009745771905495,0,0.37824062,0.3283997,0.2933597,1
2025-02-13,23031.400390625,0,-0.004435266153706374,0,0.5013243,0.21250696,0.28616878,2
2025-02-14,22929.25,0,0.0013192755977626813,1,0.31950164,0.3706838,0.30981463,0
2025-02-17,22959.5,0,-0.0006184463402948426,0,0.50919455,0.2702874,0.22051801,2
2025-02-18,22945.30078125,0,-0.0005404326900405598,0,0.52856696,0.22208658,0.24934644,2
2025-02-19,22932.900390625,0,-0.0008612081186238907,0,0.6968742,0.1683944,0.13473137,2
2025-02-20,22913.150390625,2,-0.005117148798882476,0,0.67496556,0.13292794,0.19210653,2
2025-02-21,22795.900390625,2,-0.010640105330068539,1,0.34724745,0.4261082,0.22664438,2
2025-02-24,22553.349609375,0,-0.00025711604818956513,1,0.3442152,0.36124668,0.2945381,2
2025-02-25,22547.55078125,0,-0.00011087678764998277,0,0.5377844,0.24803212,0.21418348,2
2025-02-27,22545.05078125,2,-0.018644959666695105,0,0.6320192,0.19742428,0.17055649,2
2025-02-28,22124.69921875,0,-0.00024400049223838316,1,0.31220487,0.6544121,0.033383068,2
2025-03-03,22119.30078125,0,-0.0016569416451024388,0,0.61989856,0.17525855,0.20484291,2
2025-03-04,22082.650390625,1,0.011531695069225467,0,0.7442325,0.10618738,0.14958017,2
2025-03-05,22337.30078125,1,0.009284847776867,0,0.4472731,0.38076323,0.1719637,2
2025-03-06,22544.69921875,0,0.00034601398645017767,1,0.23452474,0.69461507,0.07086019,2
2025-03-07,22552.5,0,-0.004088203913091726,0,0.54998964,0.3641972,0.08581318,2
2025-03-10,22460.30078125,0,0.0016740474556060647,0,0.62187225,0.24186769,0.13626003,2
2025-03-11,22497.900390625,0,-0.0012179087892316698,0,0.594322,0.20103128,0.20464666,2
2025-03-12,22470.5,0,-0.003262089461738671,0,0.6942627,0.13117123,0.17456612,2
2025-03-13,22397.19921875,0,0.004980568336268254,0,0.75743103,0.14625981,0.09630918,2
2025-03-17,22508.75,1,0.01446329899483545,0,0.776033,0.14302772,0.08093923,2
2025-03-18,22834.30078125,0,0.0032100316461272094,0,0.67310065,0.123651385,0.20324796,2
2025-03-19,22907.599609375,1,0.012356195589090069,0,0.5783529,0.2016077,0.22003932,2
2025-03-20,23190.650390625,1,0.0068885519512889015,0,0.5718846,0.28311995,0.14499548,2
2025-03-21,23350.400390625,1,0.013188177230298859,1,0.22735795,0.65604967,0.116592415,2
2025-03-24,23658.349609375,0,0.00043539728764163677,1,0.43310243,0.47436193,0.09253559,2
2025-03-25,23668.650390625,2,-0.007681079328545448,0,0.6011532,0.22945109,0.1693957,2
2025-03-26,23486.849609375,0,0.004474827877002596,2,0.37718654,0.18235232,0.4404611,2
2025-03-27,23591.94921875,0,-0.0030773044101545244,0,0.59022284,0.30681145,0.102965705,2
2025-03-28,23519.349609375,2,-0.015036571865236992,0,0.6995197,0.108888425,0.19159184,2
2025-04-01,23165.69921875,1,0.0071938424586863725,0,0.4424881,0.2516844,0.30582756,2
2025-04-02,23332.349609375,0,-0.0035251486188494496,0,0.47455564,0.1639327,0.36151162,2
2025-04-03,23250.099609375,2,-0.014866619775066536,0,0.53526837,0.19243018,0.2723015,2
2025-04-04,22904.44921875,2,-0.03243254628305536,1,0.17739785,0.57726496,0.24533719,2
2025-04-07,22161.599609375,1,0.016887318902814252,0,0.5581159,0.4006299,0.041254174,0
2025-04-08,22535.849609375,2,-0.006065856008070525,1,0.3482522,0.53579724,0.1159505,0
2025-04-09,22399.150390625,1,0.019170387409190415,0,0.49146214,0.2968806,0.21165726,0
2025-04-11,22828.55078125,1,0.02190239778210845,1,0.2636155,0.4845639,0.25182062,0
2025-04-15,23328.55078125,0,0.004657316201027051,1,0.2040765,0.5517445,0.24417895,0
2025-04-16,23437.19921875,1,0.017683476937954135,0,0.448174,0.39432904,0.15749691,0
2025-04-17,23851.650390625,1,0.011483498464016417,1,0.356634,0.4532054,0.19016057,0
2025-04-21,24125.55078125,0,0.0017284255654137493,1,0.148122,0.81048775,0.04139022,2
2025-04-22,24167.25,1,0.006690840652122221,0,0.6047551,0.2063856,0.18885931,2
2025-04-23,24328.94921875,0,-0.0033807460922566923,0,0.5060391,0.36708647,0.12687445,2
2025-04-24,24246.69921875,2,-0.00855166336268387,0,0.438926,0.28252238,0.27855167,2
2025-04-25,24039.349609375,1,0.012028211882747275,1,0.32330072,0.37082064,0.3058787,2
2025-04-28,24328.5,0,0.0003061930965739812,0,0.55480313,0.3166425,0.12855437,2
2025-04-29,24335.94921875,0,-7.191007773188485e-05,0,0.3911826,0.29720244,0.31161496,2
2025-04-30,24334.19921875,0,0.0005136803511647248,0,0.4927714,0.26446933,0.24275927,2
2025-05-02,24346.69921875,0,0.004700890697612925,0,0.48290566,0.37075183,0.14634249,2
2025-05-05,24461.150390625,0,-0.0033338898599493128,0,0.547101,0.3136705,0.13922848,2
2025-05-06,24379.599609375,0,0.0014274549954715887,0,0.56482667,0.1986096,0.23656377,2
2025-05-07,24414.400390625,2,-0.005758880297096702,0,0.7576795,0.15798296,0.084337525,2
2025-05-08,24273.80078125,2,-0.0109501096942064,0,0.47287026,0.25675493,0.27037477,2
2025-05-09,24008.0,1,0.038183073090219954,2,0.38989675,0.21608214,0.39402112,2
2025-05-12,24924.69921875,2,-0.01389583907654357,2,0.34497976,0.11807307,0.5369472,2
2025-05-13,24578.349609375,0,0.0036027960647213586,2,0.21292572,0.18712424,0.5999501,2
2025-05-14,24666.900390625,1,0.01602143814146184,0,0.75265115,0.16719832,0.080150515,2
2025-05-15,25062.099609375,0,-0.0016877607536591732,1,0.3314874,0.44131792,0.2271947,2
2025-05-16,25019.80078125,0,-0.0029717088137536374,0,0.63448876,0.18530118,0.18021005,2
2025-05-19,24945.44921875,2,-0.010484831354666824,0,0.39122862,0.2689592,0.3398122,2
2025-05-20,24683.900390625,1,0.00524831270888626,0,0.50077826,0.20905733,0.29016444,0
2025-05-21,24813.44921875,2,-0.008211272774042211,0,0.6894186,0.23651901,0.07406237,0
2025-05-22,24609.69921875,1,0.009892488718005854,0,0.5010663,0.30602115,0.19291255,0
2025-05-23,24853.150390625,1,0.005954979456279652,0,0.5486626,0.22547482,0.22586255,0
2025-05-26,25001.150390625,2,-0.0069977248703164685,0,0.64126724,0.14873762,0.20999512,0
2025-05-27,24826.19921875,0,-0.0029706520659956714,1,0.29641655,0.6097591,0.09382431,0
2025-05-28,24752.44921875,0,0.003278479228775888,2,0.34261304,0.29093477,0.36645222,0
2025-05-29,24833.599609375,0,-0.00333823496911434,0,0.46061692,0.31485343,0.2245296,0
2025-05-30,24750.69921875,0,-0.0013777230725331435,0,0.79023325,0.15607947,0.05368727,0
2025-06-02,24716.599609375,2,-0.007043833380258491,0,0.79117537,0.11880847,0.09001609,0
2025-06-03,24542.5,0,0.003165904807986175,0,0.57804984,0.17890455,0.24304563,0
2025-06-04,24620.19921875,1,0.005308696762106768,0,0.61344033,0.24237943,0.14418025,0
2025-06-05,24750.900390625,1,0.01018752395450262,0,0.6606414,0.20706849,0.13229012,0
2025-06-06,25003.05078125,0,0.004005448710087123,0,0.6615855,0.25086024,0.087554194,0
2025-06-09,25103.19921875,0,4.18584595869298e-05,0,0.6471393,0.22257516,0.13028555,2
2025-06-10,25104.25,0,0.0014798446727146697,0,0.6044723,0.11768492,0.2778428,2
2025-06-11,25141.400390625,2,-0.010071084662786611,0,0.6078512,0.25305504,0.13909373,2
2025-06-12,24888.19921875,2,-0.006814458847919758,2,0.3675779,0.1734005,0.45902157,2
2025-06-13,24718.599609375,1,0.00921979376770854,0,0.48772395,0.24878205,0.26349404,2
2025-06-16,24946.5,0,-0.0037319707924959866,0,0.6506277,0.21778254,0.13158974,2
2025-06-17,24853.400390625,0,-0.0016637405234334324,0,0.4370824,0.26118013,0.30173746,1
2025-06-18,24812.05078125,0,-0.0007577278241026608,0,0.47309038,0.1418371,0.3850725,2
2025-06-19,24793.25,1,0.01287247095983779,0,0.76635885,0.05843271,0.17520839,1
2025-06-20,25112.400390625,2,-0.0055948454872697395,0,0.6126578,0.3361792,0.051162973,2
2025-06-23,24971.900390625,0,0.0029012296868362597,0,0.5410909,0.13179284,0.32711622,1
2025-06-24,25044.349609375,1,0.008001820520425307,1,0.35775173,0.4104215,0.23182677,2
2025-06-25,25244.75,1,0.012052010814129765,0,0.67307705,0.17075844,0.15616447,1
2025-06-26,25549.0,0,0.003475704773181043,0,0.50208193,0.26644957,0.23146845,2
2025-06-27,25637.80078125,0,-0.004709842354665206,0,0.74968094,0.12137837,0.12894072,1
2025-06-30,25517.05078125,0,0.0009699396772837598,0,0.68439656,0.16130643,0.15429701,2
2025-07-01,25541.80078125,0,-0.0034610085397696055,0,0.60650134,0.24332656,0.15017207,1
2025-07-02,25453.400390625,0,-0.00188971251922454,0,0.5385803,0.10024065,0.36117902,2
2025-07-03,25405.30078125,0,0.0021924250859925998,0,0.5960556,0.10378418,0.30016023,1
2025-07-04,25461.0,0,1.1813410706551508e-05,0,0.4330426,0.3123014,0.25465608,2
2025-07-07,25461.30078125,0,0.0024036171315751087,0,0.5591188,0.27198175,0.16889942,1
2025-07-08,25522.5,0,-0.00181801902732881,0,0.51479816,0.12956658,0.35563526,2
2025-07-09,25476.099609375,0,-0.004743646446198069,0,0.74205714,0.07526449,0.18267839,1
2025-07-10,25355.25,2,-0.008100901810276007,0,0.65034324,0.24921156,0.10044521,2
2025-07-11,25149.849609375,0,-0.002685854157148504,0,0.5680898,0.17511602,0.2567942,1
2025-07-14,25082.30078125,0,0.004525103218794291,0,0.681742,0.11249441,0.20576355,2
2025-07-15,25195.80078125,0,0.0006449487413033861,0,0.60313135,0.1605767,0.23629197,0
2025-07-16,25212.05078125,0,-0.003990217351728331,0,0.6859567,0.12966712,0.18437615,2
2025-07-17,25111.44921875,2,-0.0056965580472427835,0,0.74693805,0.13126619,0.12179578,2
2025-07-18,24968.400390625,0,0.004898144302865282,0,0.45061284,0.24881782,0.30056933,2
2025-07-21,25090.69921875,0,-0.0011876443882732346,0,0.8160142,0.10128106,0.08270471,2
2025-07-22,25060.900390625,1,0.006344544590244583,0,0.6669767,0.24364501,0.0893783,2
2025-07-23,25219.900390625,2,-0.006256994627491075,0,0.65964985,0.24332996,0.09702022,2
2025-07-24,25062.099609375,2,-0.008981674037030651,0,0.47004908,0.43144524,0.09850563,2
2025-07-25,24837.0,2,-0.006284962329387578,0,0.37473407,0.29414412,0.33112186,2
2025-07-28,24680.900390625,1,0.005680474234370125,0,0.52331257,0.17878336,0.29790407,2
2025-07-29,24821.099609375,0,0.001367835124523431,0,0.56562084,0.19254069,0.24183849,2
2025-07-30,24855.05078125,0,-0.0034882717656889994,0,0.5262184,0.21616088,0.25762066,2
2025-07-31,24768.349609375,2,-0.008195943742782208,1,0.24938439,0.64380217,0.10681345,2
2025-08-01,24565.349609375,1,0.006407415043054421,2,0.31586194,0.29645035,0.38768774,2
2025-08-04,24722.75,0,-0.0029608040671041946,0,0.6154652,0.2635129,0.1210219,2
2025-08-05,24649.55078125,0,-0.003056914228121266,0,0.5578313,0.20866072,0.233508,2
2025-08-06,24574.19921875,0,0.0008932609229541644,0,0.61724913,0.12849207,0.2542588,2
2025-08-07,24596.150390625,2,-0.009466912735407229,1,0.34835526,0.5913379,0.060306787,2
2025-08-08,24363.30078125,1,0.009101804471857822,0,0.43509942,0.20258792,0.36231267,2
2025-08-11,24585.05078125,0,-0.003971941790719136,1,0.36293635,0.49702153,0.1400421,2
2025-08-12,24487.400390625,1,0.005388453516712133,0,0.45977324,0.10757171,0.432655,1
2025-08-13,24619.349609375,0,0.00048543816407109475,0,0.6344881,0.19955342,0.16595845,2
2025-08-14,24631.30078125,1,0.009973019276634965,0,0.67096055,0.14864443,0.18039499,1
2025-08-18,24876.94921875,0,0.004168564680625764,0,0.5658744,0.25541013,0.17871547,2
2025-08-19,24980.650390625,0,0.0027981813736617234,0,0.5927938,0.13393724,0.27326888,1
2025-08-20,25050.55078125,0,0.0013252889742787488,0,0.6398694,0.09714374,0.26298687,2
2025-08-21,25083.75,2,-0.008517482060098724,0,0.64665014,0.1670761,0.18627374,1
2025-08-22,24870.099609375,0,0.003926417350905487,0,0.5045617,0.20681787,0.28862044,2
2025-08-25,24967.75,2,-0.010241179872034878,0,0.75499415,0.09988571,0.14512016,1
2025-08-26,24712.05078125,2,-0.008544430103923584,1,0.3353514,0.4645606,0.20008796,2
2025-08-28,24500.900390625,0,-0.0030223697933294824,0,0.52858776,0.22814032,0.2432719,1
2025-08-29,24426.849609375,1,0.008114070174605414,0,0.6163795,0.13267155,0.250949,2
2025-09-01,24625.05078125,0,-0.0018457290617897026,0,0.60155123,0.12444863,0.27400014,1
2025-09-02,24579.599609375,1,0.0055107151470170646,0,0.47763044,0.1443265,0.37804314,2
2025-09-03,24715.05078125,0,0.0007788776228048189,2,0.38716027,0.22071992,0.39211988,1
2025-09-04,24734.30078125,0,0.00027084730671167456,0,0.55656356,0.20715149,0.23628493,2
2025-09-05,24741.0,0,0.0012994782193525012,0,0.66441613,0.12774533,0.20783854,1
2025-09-08,24773.150390625,0,0.003852930178235292,0,0.65179265,0.16080044,0.18740688,2
2025-09-09,24868.599609375,0,0.0042020862308871365,0,0.654156,0.1837382,0.16210575,1
2025-09-10,24973.099609375,0,0.0012974116602184615,0,0.7958206,0.085951164,0.11822823,2
2025-09-11,25005.5,0,0.004339045410009845,0,0.74378383,0.15111306,0.105103105,1
2025-09-12,25114.0,0,-0.0017838966811339896,0,0.8250867,0.07986055,0.0950527,2
2025-09-15,25069.19921875,1,0.006777256391098607,0,0.81088316,0.09489549,0.09422138,1
2025-09-16,25239.099609375,0,0.003611475529465391,0,0.6144848,0.23323186,0.15228334,2
2025-09-17,25330.25,0,0.0036853015416349333,0,0.8070885,0.10286079,0.09005073,1
2025-09-18,25423.599609375,0,-0.0037976065391384095,0,0.7947263,0.118047275,0.087226436,2
2025-09-19,25327.05078125,0,-0.004923635718664832,0,0.51688004,0.36778796,0.11533199,1
2025-09-22,25202.349609375,0,-0.0013034343973540308,0,0.67294925,0.23801395,0.08903679,2
2025-09-23,25169.5,0,-0.00447365300760838,0,0.81343824,0.118011564,0.068550155,1
2025-09-24,25056.900390625,2,-0.006626948212322681,0,0.5764094,0.32581705,0.09777354,2
2025-09-25,24890.849609375,2,-0.009487437927231501,1,0.3277194,0.58625585,0.086024806,1
2025-09-26,24654.69921875,0,-0.0008030448049409777,0,0.50111,0.27863893,0.22025104,2
2025-09-29,24634.900390625,0,-0.0009661407544825362,0,0.5169826,0.29988682,0.18313058,1
2025-09-30,24611.099609375,1,0.009150390492475902,0,0.7625468,0.15285231,0.08460086,2
2025-10-01,24836.30078125,0,0.0023332467769816567,0,0.8546442,0.11122265,0.034133203,1
2025-10-03,24894.25,1,0.007367178791287232,0,0.7712646,0.11370294,0.115032464,2
2025-10-06,25077.650390625,0,0.0012222193924698033,0,0.7295829,0.19350421,0.076912835,1
2025-10-07,25108.30078125,0,-0.0024752925801897474,0,0.8115564,0.11733124,0.07111235,2
2025-10-08,25046.150390625,1,0.005416017571936882,0,0.7278801,0.1836381,0.08848175,1
2025-10-09,25181.80078125,0,0.0041120501676790155,0,0.88614535,0.06700005,0.046854667,2
2025-10-10,25285.349609375,0,-0.0022938183927065925,0,0.80010146,0.16100077,0.038897783,0
2025-10-13,25227.349609375,0,-0.003244479132464395,0,0.8309162,0.08570536,0.08337842,2
2025-10-14,25145.5,1,0.007080820872521931,0,0.79868305,0.084788576,0.11652839,2
2025-10-15,25323.55078125,1,0.010336228211479837,0,0.90282446,0.061222382,0.035953168,2
2025-10-16,25585.30078125,0,0.004867983737610659,0,0.8514576,0.12300129,0.025541121,2
2025-10-17,25709.849609375,1,0.005184813729964155,0,0.91131437,0.034827817,0.05385777,2
2025-10-20,25843.150390625,0,0.0009847568259027106,0,0.60915995,0.1502457,0.24059436,2
2025-10-21,25868.599609375,0,0.0008814076368377499,0,0.75514644,0.09571972,0.1491338,2
2025-10-23,25891.400390625,0,-0.0037174505259611745,0,0.41362303,0.19262657,0.39375037,2
2025-10-24,25795.150390625,1,0.006625291500029773,0,0.55297756,0.12059472,0.3264277,2
2025-10-27,25966.05078125,0,-0.001149638146805021,0,0.642944,0.13624932,0.22080664,2
2025-10-28,25936.19921875,0,0.0045381040946781415,2,0.2586924,0.2319923,0.50931525,2
2025-10-29,26053.900390625,2,-0.0067571756478100875,2,0.3501613,0.28032792,0.36951074,2
2025-10-30,25877.849609375,2,-0.006018660837397216,2,0.23262571,0.12309601,0.6442783,2
2025-10-31,25722.099609375,0,0.0016036793506921665,2,0.3639256,0.04272228,0.59335214,2
2025-11-03,25763.349609375,2,-0.006431586779760301,0,0.46336117,0.07903338,0.45760545,2
2025-11-04,25597.650390625,0,-0.0034359080045569534,0,0.47276762,0.15949152,0.3677409,2
2025-11-06,25509.69921875,0,-0.0006820322478444663,0,0.50912225,0.075859316,0.4150184,2
2025-11-07,25492.30078125,0,0.0032185728871263475,2,0.29478693,0.08702713,0.61818594,2
2025-11-10,25574.349609375,0,0.0047156471705849246,2,0.4131299,0.13274576,0.45412433,2
2025-11-11,25694.94921875,1,0.0070384090258497345,0,0.88404095,0.033188626,0.08277037,2
2025-11-12,25875.80078125,0,0.00012944949620363744,0,0.76085746,0.12558986,0.11355266,0
2025-11-13,25879.150390625,0,0.001194026471448284,0,0.7780701,0.09520149,0.12672842,0
2025-11-14,25910.05078125,0,0.0039906690408659795,0,0.8490543,0.09069485,0.060250834,0
2025-11-17,26013.44921875,0,-0.003974806902018679,2,0.39733338,0.17526567,0.42740095,0
2025-11-18,25910.05078125,1,0.005503640675154298,0,0.595289,0.14938448,0.2553265,0
2025-11-19,26052.650390625,1,0.005354541588221684,0,0.67927474,0.24613199,0.074593306,0
2025-11-20,26192.150390625,0,-0.0047342428227803435,0,0.65374094,0.27230418,0.07395493,0
2025-11-21,26068.150390625,0,-0.004167936312968079,0,0.48466158,0.37142605,0.14391242,0
2025-11-24,25959.5,0,-0.002877529180069005,0,0.6031041,0.33734027,0.05955561,0
2025-11-25,25884.80078125,1,0.012381783530362567,0,0.5775167,0.21706514,0.20541821,0
2025-11-26,26205.30078125,0,0.0003911422381892571,0,0.6926013,0.23621222,0.07118641,0
2025-11-27,26215.55078125,0,-0.0004806903583736144,0,0.7762896,0.16459449,0.05911594,0
2025-11-28,26202.94921875,0,-0.0010380212747401751,0,0.8422087,0.1126344,0.045156963,0
2025-12-01,26175.75,2,-0.005484113396941881,0,0.9091903,0.059710488,0.031099258,0
2025-12-02,26032.19921875,0,-0.0017746951904364927,0,0.78095084,0.14678352,0.07226564,0
2025-12-03,25986.0,0,0.0018375278996383138,0,0.69707346,0.19382529,0.10910122,0
2025-12-04,26033.75,1,0.005865433091659877,0,0.6915248,0.17271924,0.13575597,0
2025-12-05,26186.44921875,2,-0.00862653945989178,0,0.8095328,0.09561339,0.09485381,0
2025-12-08,25960.55078125,0,-0.004657081109092687,0,0.83980155,0.08529922,0.074899174,0
2025-12-09,25839.650390625,0,-0.0031598875909956137,0,0.62724173,0.22277144,0.1499868,2
2025-12-10,25758.0,1,0.0054565875164998,0,0.53071713,0.34866646,0.12061645,0
2025-12-11,25898.55078125,1,0.005729990019651465,0,0.78696156,0.15301308,0.06002535,0
2025-12-12,26046.94921875,0,-0.0007543469807149705,0,0.5848444,0.3088444,0.10631124,0
2025-12-15,26027.30078125,2,-0.006424068837574293,0,0.55520594,0.34793523,0.09685882,0
2025-12-16,25860.099609375,0,-0.001606677033445636,0,0.5805499,0.3622841,0.057166036,0
2025-12-17,25818.55078125,0,-0.00011619552256891819,1,0.33651105,0.43321836,0.2302706,0
2025-12-18,25815.55078125,1,0.005843362036054733,0,0.618021,0.27167004,0.11030892,0
2025-12-19,25966.400390625,1,0.00793332910611566,0,0.67374086,0.25214046,0.0741187,0
2025-12-22,26172.400390625,0,0.00018148889399149937,0,0.6851298,0.19809632,0.11677385,0
2025-12-23,26177.150390625,0,-0.0013389838361685946,0,0.77607816,0.09196792,0.1319539,0
2025-12-24,26142.099609375,0,-0.0038175521330050532,0,0.4725826,0.34185746,0.18555996,0
2025-12-26,26042.30078125,0,-0.003847631310177624,0,0.45096475,0.37913835,0.16989687,0
2025-12-29,25942.099609375,0,-0.00012527898855285713,0,0.62837255,0.28786376,0.08376365,0
2025-12-30,25938.849609375,1,0.0073538342244390265,0,0.5865776,0.3514514,0.06197104,0
2025-12-31,26129.599609375,0,0.0006487344669803274,0,0.56543005,0.30855748,0.1260125,0
2026-01-01,26146.55078125,1,0.006960765170238581,0,0.5932652,0.33719105,0.06954381,0
2026-01-02,26328.55078125,0,-0.0029720587604740167,0,0.82398117,0.114289686,0.061729096,0
2026-01-05,26250.30078125,0,-0.0027276473171363724,0,0.67929167,0.1664668,0.15424153,0
2026-01-06,26178.69921875,0,-0.001449622016468255,0,0.794651,0.13281246,0.07253662,0
2026-01-07,26140.75,2,-0.010095364158449915,0,0.6634872,0.2169681,0.11954466,2
2026-01-08,25876.849609375,2,-0.007479613285493514,0,0.7039116,0.18858546,0.10750298,0
2026-01-09,25683.30078125,0,0.004164153963733375,0,0.5544179,0.22000574,0.22557636,0
2026-01-12,25790.25,0,-0.002246942885392733,0,0.694251,0.22933675,0.07641224,0
2026-01-13,25732.30078125,0,-0.00259211846006413,0,0.75284165,0.16889629,0.07826203,0
2026-01-14,25665.599609375,0,0.0011201764399650926,0,0.79329175,0.147238,0.059470244,0
2026-01-16,25694.349609375,0,-0.004236324757381116,0,0.77365404,0.16112188,0.065224044,0
2026-01-19,25585.5,2,-0.013796877137441155,0,0.78966236,0.12737331,0.08296432,0
2026-01-20,25232.5,0,-0.0029723570791637677,0,0.6828509,0.1454022,0.17174691,0
2026-01-21,25157.5,1,0.00526285960946038,0,0.7017741,0.16926447,0.12896138,0
2026-01-22,25289.900390625,2,-0.009539381186706164,0,0.58909947,0.245822,0.16507857,0
2026-01-23,25048.650390625,1,0.005060152863462841,0,0.43967295,0.28817165,0.27215537,0
2026-01-27,25175.400390625,1,0.006647346488174222,1,0.27283397,0.5370408,0.19012521,0
2026-01-28,25342.75,0,0.0030048195489833507,0,0.6735591,0.193488,0.13295285,0
2026-01-29,25418.900390625,0,-0.003865234077404689,0,0.4856247,0.1956728,0.31870255,0
2026-01-30,25320.650390625,2,-0.00917235522852089,0,0.50433475,0.23849075,0.25717455,0
2026-02-02,25088.400390625,1,0.025475932330218942,2,0.31800133,0.16676109,0.51523757,0
2026-02-03,25727.55078125,0,0.0018831648283172964,0,0.4895565,0.23067184,0.27977166,0
2026-02-04,25776.0,2,-0.00516756745616076,0,0.6325229,0.14187929,0.22559789,0
2026-02-05,25642.80078125,0,0.0019849016468285186,2,0.3151859,0.1233227,0.5614914,0
2026-02-06,25693.69921875,1,0.006756581098813275,0,0.67195135,0.114573196,0.21347547,1
2026-02-09,25867.30078125,0,0.0026229876069705504,0,0.7115065,0.16418372,0.12430984,2
2026-02-10,25935.150390625,0,0.0007209990483325601,0,0.6807899,0.17012043,0.14908966,1
2026-02-11,25953.849609375,2,-0.00565042923620962,0,0.59836787,0.13071832,0.2709138,2
2026-02-12,25807.19921875,2,-0.01302348257655217,0,0.6253158,0.12754655,0.24713767,1
2026-02-13,25471.099609375,1,0.008309432803093486,2,0.39913088,0.19461228,0.4062568,2
2026-02-16,25682.75,0,0.00166066292063749,0,0.5406036,0.22208193,0.23731454,1
2026-02-17,25725.400390625,0,0.003652002197183979,0,0.5511946,0.20447993,0.2443254,2
2026-02-18,25819.349609375,2,-0.014136684522350174,0,0.7385789,0.11922353,0.14219756,1
2026-02-19,25454.349609375,0,0.004592550680687868,0,0.47602615,0.21472763,0.30924618,2
2026-02-20,25571.25,1,0.00554333479982394,0,0.81452984,0.10474186,0.08072831,1
2026-02-23,25713.0,2,-0.011214156627970318,0,0.66969436,0.16111204,0.16919361,2
2026-02-24,25424.650390625,0,0.002275335490801167,0,0.48810384,0.23930721,0.27258894,1
2026-02-25,25482.5,0,0.0005513894339252978,0,0.6288117,0.23125836,0.13992992,2
2026-02-26,25496.55078125,2,-0.012468368500212268,0,0.5676685,0.24037774,0.19195372,1
2026-02-27,25178.650390625,2,-0.012429227421638323,0,0.49773967,0.2676405,0.23461986,2
2026-03-02,24865.69921875,2,-0.015491187895474101,1,0.3035045,0.38052368,0.31597185,1
2026-03-04,24480.5,1,0.011658274570576665,0,0.5572415,0.22875457,0.21400395,2
2026-03-05,24765.900390625,2,-0.012737318930444053,1,0.35844627,0.4481633,0.19339038,1
2026-03-06,24450.44921875,2,-0.017275692308183932,2,0.2478917,0.29767692,0.45443133,2
2026-03-09,24028.05078125,1,0.009719840791548862,0,0.44401383,0.26182967,0.29415652,2
2026-03-10,24261.599609375,2,-0.01627056774308744,1,0.38408583,0.39939514,0.21651901,2
2026-03-11,23866.849609375,2,-0.009540396930332928,1,0.2584619,0.47117916,0.27035895,2
2026-03-12,23639.150390625,2,-0.02064586811222946,2,0.19470766,0.33759615,0.4676962,2
2026-03-13,23151.099609375,1,0.011131271353117311,2,0.24611439,0.28650182,0.4673838,2
2026-03-16,23408.80078125,1,0.007362598835607637,1,0.2372347,0.38626385,0.37650147,2
2026-03-17,23581.150390625,1,0.008339304375208911,2,0.14382686,0.30116588,0.5550073,2
2026-03-18,23777.80078125,2,-0.03262077926216955,1,0.1472058,0.46541607,0.38737813,2
2026-03-19,23002.150390625,0,0.004884308965338757,1,0.09422964,0.719747,0.18602335,1
2026-03-20,23114.5,2,-0.026037751600726855,1,0.3078633,0.3817338,0.31040296,1
2026-03-23,22512.650390625,1,0.017756683156527453,0,0.5180135,0.31403846,0.16794805,1
2026-03-24,22912.400390625,1,0.01719805962740728,1,0.40349197,0.40757436,0.18893372,1
2026-03-25,23306.44921875,2,-0.02088905112938999,1,0.3257631,0.52174205,0.15249483,1
2026-03-27,22819.599609375,2,-0.02139385559374285,1,0.40089884,0.42378762,0.17531355,1
2026-03-30,22331.400390625,1,0.015583438293735208,1,0.30067924,0.4548123,0.24450846,1
2026-04-01,22679.400390625,0,0.0014858954897207788,1,0.10010769,0.7208694,0.17902288,1
2026-04-02,22713.099609375,1,0.01123362266767347,2,0.35712117,0.28134072,0.36153817,1
2026-04-06,22968.25,1,0.0067658785769486585,1,0.31664735,0.5498283,0.13352437,1
2026-04-07,23123.650390625,1,0.03778379295615997,1,0.26643306,0.37157696,0.36198995,1
2026-04-08,23997.349609375,2,-0.009261439434677166,1,0.3240312,0.3674098,0.30855897,1
2026-04-09,23775.099609375,1,0.011587753764504383,1,0.21909983,0.5141387,0.26676142,2
2026-04-10,24050.599609375,2,-0.008646321593950623,1,0.31633365,0.49135908,0.19230734,0
2026-04-13,23842.650390625,1,0.016300637062472756,1,0.28352785,0.47288248,0.24358962,0
2026-04-15,24231.30078125,0,-0.0014258739785333319,0,0.3823023,0.36049908,0.2571986,0
2026-04-16,24196.75,1,0.006480241406387144,1,0.3335479,0.36232832,0.30412373,0
2026-04-17,24353.55078125,0,0.00046394992773279853,0,0.43147048,0.42570716,0.14282233,0
2026-04-20,24364.849609375,1,0.008690798564113589,0,0.4452896,0.37450466,0.18020572,0
2026-04-21,24576.599609375,2,-0.00807678861823835,0,0.6070052,0.30090982,0.092084974,0
2026-04-22,24378.099609375,2,-0.008411190019346093,0,0.41230783,0.33476284,0.25292936,0
2026-04-23,24173.05078125,2,-0.011380506539678703,1,0.2231776,0.5193613,0.25746107,0
2026-04-24,23897.94921875,1,0.008149234824183171,2,0.2149204,0.27883464,0.5062449,0
2026-04-27,24092.69921875,0,-0.004026115924964935,0,0.3806536,0.33646965,0.2828767,0
2026-04-28,23995.69921875,1,0.007582657634449097,2,0.3640336,0.23831856,0.39764786,0
2026-04-29,24177.650390625,2,-0.007449012061355398,0,0.52286094,0.27864358,0.19849545,0
2026-04-30,23997.55078125,1,0.005073434414612388,1,0.2227905,0.4757264,0.30148306,0
2026-05-04,24119.30078125,0,-0.0035863394542201554,1,0.3761598,0.40460354,0.2192367,2
2026-05-05,24032.80078125,1,0.01240589643353629,2,0.35083586,0.22571146,0.42345262,2
2026-05-06,24330.94921875,0,-0.00017668148029703623,0,0.42934644,0.21859667,0.35205686,2
2026-05-07,24326.650390625,2,-0.006186630612244115,0,0.45907262,0.2195917,0.32133564,2
2026-05-08,24176.150390625,2,-0.014903149402549887,0,0.56389374,0.28974056,0.14636576,2
2026-05-11,23815.849609375,2,-0.018319683541890175,0,0.3634562,0.32352978,0.31301406,2
2026-05-12,23379.55078125,0,0.0014135784059419176,0,0.4220915,0.35791063,0.2199979,2
2026-05-13,23412.599609375,1,0.011831236369372666,0,0.50018746,0.2505841,0.24922849,2
2026-05-14,23689.599609375,0,-0.0019459851637491088,0,0.60195154,0.17838956,0.2196589,2
2026-05-15,23643.5,0,0.0002727692071817778,0,0.6779106,0.16885939,0.15322995,2
2026-05-18,23649.94921875,0,-0.0013509212410769411,0,0.64548934,0.16273996,0.19177069,2
2026-05-19,23618.0,0,0.0017359640951817301,0,0.6362185,0.12737797,0.23640355,2
2026-05-20,23659.0,0,-0.00018178203854768427,0,0.6684451,0.18997532,0.14157958,2
2026-05-21,23654.69921875,0,0.002731024474358801,0,0.6926415,0.12806086,0.17929767,2
2026-05-22,23719.30078125,1,0.01317064277657587,0,0.5934059,0.21689637,0.18969774,2
2026-05-25,24031.69921875,0,-0.004910181295375682,0,0.7142291,0.118079595,0.16769128,2
2026-05-26,23913.69921875,0,-0.00027385257567613674,0,0.41212237,0.22656764,0.36130998,2
2026-05-27,23907.150390625,2,-0.015033175629577955,0,0.55038077,0.23268828,0.21693094,2
2026-05-29,23547.75,2,-0.007013425513053284,0,0.4812722,0.40750808,0.11121972,2
2026-06-01,23382.599609375,0,0.00431736306319519,0,0.7018202,0.13271041,0.16546942,2
2026-06-02,23483.55078125,0,-0.0033193946094914883,0,0.6943661,0.13013054,0.17550336,2
2026-06-03,23405.599609375,0,0.00046788683297016576,0,0.6036535,0.1618362,0.2345103,2
2026-06-04,23416.55078125,0,-0.0021289028843615165,0,0.6533828,0.1632586,0.18335861,2
2026-06-05,23366.69921875,2,-0.010429338627102713,0,0.6346903,0.15677717,0.20853254,2
2026-06-08,23123.0,1,0.005150698844224255,0,0.50828326,0.22989073,0.26182607,2
2026-06-09,23242.099609375,0,-0.0011681556778996294,0,0.7650707,0.13307191,0.101857424,2
2026-06-10,23214.94921875,0,-0.0022980713363744965,0,0.56478715,0.20328061,0.23193222,2
2026-06-11,23161.599609375,1,0.019916620139797336,0,0.65675867,0.15302698,0.1902144,2
2026-06-12,23622.900390625,1,0.009778646829145199,0,0.69060767,0.115198486,0.1941939,2
2026-06-15,23853.900390625,1,0.005669932287180934,0,0.71676505,0.1766798,0.10655515,2
2026-06-16,23989.150390625,0,0.004024687267071059,0,0.5290651,0.33056995,0.14036496,2
2026-06-17,24085.69921875,0,0.0034169978003351087,0,0.5925651,0.17728771,0.23014714,2
2026-06-18,24168.0,2,-0.006409317718677587,0,0.6390744,0.1914973,0.16942832,2
2026-06-19,24013.099609375,0,0.0037396580495980825,0,0.44346341,0.2541428,0.30239376,2
2026-06-22,24102.900390625,2,-0.011567105067506356,0,0.7103449,0.14654145,0.14311364,2
2026-06-23,23824.099609375,1,0.008292056551520766,2,0.30089146,0.25578618,0.44332236,2
2026-06-24,24021.650390625,0,0.0014299437722400388,0,0.6120377,0.14261013,0.24535215,2
2026-06-25,24056.0,0,-0.004562271366810755,0,0.5619355,0.20712042,0.23094404,2
2026-06-29,23946.25,0,-0.0033616954637991636,0,0.419795,0.2926833,0.2875217,1
2026-06-30,23865.75,1,0.0058703208311072785,0,0.5783009,0.16617736,0.25552174,1
2026-07-01,24005.849609375,1,0.007075342557701703,0,0.6286269,0.21684146,0.15453167,1
2026-07-02,24175.69921875,0,0.003935786500487426,0,0.5525289,0.20738074,0.2400903,1
2026-07-03,24270.849609375,1,0.006571669412775316,0,0.63357323,0.15343368,0.21299307,1
2026-07-06,24430.349609375,0,-0.0012955357222089736,0,0.5882549,0.15289918,0.2588459,1
2026-07-07,24398.69921875,2,-0.02117524515827318,0,0.46397445,0.19955507,0.33647048,1
2026-07-08,23882.05078125,0,0.0033812004144717633,0,0.4311727,0.21955806,0.3492692,2
2026-07-09,23962.80078125,1,0.01018660596494203,0,0.6357693,0.1438532,0.22037746,2
2026-07-10,24206.900390625,0,0.0001693570555851842,0,0.73970646,0.16753845,0.09275507,2
2026-07-13,24211.0,2,-0.006565165369047166,0,0.49788946,0.2406928,0.26141775,0
2026-07-14,24052.05078125,0,0.0010996658451518648,0,0.50177866,0.23395112,0.26427022,0
2026-07-15,24078.5,0,-0.00023880225097083763,0,0.50560665,0.24655038,0.24784294,0
2026-07-16,24072.75,1,0.010865014643113069,0,0.57909644,0.16396172,0.2569418,0
2026-07-17,24334.30078125,0,-0.003936861885253551,0,0.5159191,0.39963675,0.08444412,0
2026-07-20,24238.5,0,-0.002095871495760848,0,0.49103573,0.24911863,0.25984567,0
2026-07-21,24187.69921875,2,-0.0079151479856997,0,0.5210532,0.22469705,0.2542498,0
2026-07-22,23996.25,2,-0.0052779242850445884,0,0.41854778,0.31104067,0.27041152,0
2026-07-23,23869.599609375,0,-0.004279518395644999,0,0.44741243,0.15474491,0.3978427,0
2026-07-24,23767.44921875,1,0.009613989195766948,0,0.3941581,0.3533159,0.25252607,0
2026-07-27,23995.94921875,0,-0.0004417249460887396,0,0.6862698,0.22481082,0.08891936,0
2026-07-28,23985.349609375,1,0.011042140877174367,0,0.5761338,0.19842651,0.22543973,0
2026-07-29,24250.19921875,0,0.0027608503860552247,0,0.6899289,0.13924997,0.17082113,0
2026-07-30,24317.150390625,0,0.0027326071386892803,0,0.6084246,0.18091688,0.21065854,0
2026-07-31,24383.599609375,1,0.01602311299947612,0,0.5205966,0.1764515,0.3029518,0
2026-08-03,24774.30078125,2,-0.006434102501316152,0,0.7435612,0.116126165,0.14031261,0
2026-08-04,24614.900390625,0,0.00039610154196334513,0,0.5901738,0.18436508,0.22546116,0
2026-08-05,24624.650390625,0,0.0004609043862535689,0,0.59316796,0.20962037,0.19721167,2
2026-08-06,24636.0,0,-0.0026526063230638552,0,0.55645907,0.19846766,0.24507326,1
2026-08-07,24570.650390625,0,0.0005352072662276885,0,0.6300526,0.1656834,0.20426397,1
2026-08-10,24583.80078125,0,-0.00455997685213505,0,0.557649,0.25348708,0.1888639,1
2026-08-11,24471.69921875,0,-0.0014608711753293369,0,0.433524,0.24632606,0.32015,1
2026-08-12,24435.94921875,0,-0.0016410088683697088,0,0.5893,0.17173809,0.23896195,1
2026-08-13,24395.849609375,0,-0.001223552770366676,0,0.685148,0.13593619,0.17891586,1
2026-08-14,24366.0,0,-0.003215530221415075,0,0.5219699,0.16573516,0.31229487,1
2026-08-17,24287.650390625,2,-0.00546574073098649,0,0.50995195,0.20651673,0.2835313,1
2026-08-18,24154.900390625,0,-0.0046574400300016805,0,0.5281868,0.19590734,0.27590585,1
